"OID","nb_accident","X","Y"
1,0,295768.935730523,5042199.4963186
2,0,295815.630469373,5042277.43726233
3,0,295827.634146737,5042619.07297817
4,0,295847.969974307,5041840.00004046
5,0,295872.563665751,5042691.39038263
6,1,295880.832302865,5042380.98543518
7,0,295882.314869312,5042016.51950632
8,0,295890.187017285,5042028.23460529
9,0,295890.339662215,5042232.49662044
10,0,295891.686515689,5042852.57924828
11,0,295895.372449644,5041912.93990332
12,1,295927.415164241,5042456.10961166
13,0,295933.352501233,5042918.33430024
14,0,295937.282913968,5042924.53683709
15,1,295937.317683236,5041980.46834482
16,0,295945.990459319,5041992.84024243
17,2,295946.810630375,5041673.50263616
18,0,295951.810503165,5042337.99628516
19,4,295960.410173316,5041457.49953744
20,0,295966.128274507,5042184.5031668
21,0,295974.052687322,5042527.61406707
22,0,295981.563486021,5041953.44359242
23,0,295987.104243018,5043005.24194544
24,0,295988.643370033,5042059.7705127
25,0,295989.182848901,5041964.55681952
26,0,295991.844314701,5041745.50411145
27,0,296005.529608599,5041495.50413312
28,0,296015.000908768,5042987.65946057
29,0,296018.136660104,5042599.8228692
30,0,296025.457110043,5041925.1420404
31,0,296026.283826634,5042289.00234809
32,0,296032.918551465,5041935.54765043
33,0,296035.013117905,5043081.57742019
34,0,296036.738820363,5042138.81567317
35,0,296037.433458986,5041820.91293891
36,3,296040.624671026,5041520.49502377
37,0,296053.977857599,5042655.26659257
38,0,296073.527500206,5041893.44831663
39,0,296074.464730375,5041120.00061184
40,0,296079.591241442,5042946.96103545
41,0,296081.306598162,5041905.44933924
42,1,296081.915925218,5043154.07479633
43,0,296085.996964602,5041884.83000537
44,0,296094.327970425,5041897.23636777
45,0,296094.50975081,5041564.65190149
46,0,296096.424034115,5042722.34780216
47,0,296100.223875609,5042929.14812965
48,1,296101.499494824,5042097.00456029
49,0,296102.698744609,5042241.9778792
50,0,296107.034700807,5042934.50109958
51,0,296124.574123341,5041971.84714868
52,0,296124.653667706,5043220.90931175
53,0,296124.739848003,5041868.35146778
54,0,296126.113180765,5042917.63811668
55,0,296136.178901745,5041964.20010749
56,0,296141.86842426,5042794.56851345
57,0,296146.562957104,5042315.49732064
58,0,296153.133564766,5041593.50491072
59,0,296165.51395043,5042833.69771813
60,0,296169.059469943,5043288.24999532
61,0,296169.264995119,5042200.28887517
62,0,296179.815791264,5042045.57387638
63,0,296191.383392929,5042876.51031384
64,0,296194.471417707,5042386.99941999
65,0,296214.176076978,5043356.24341485
66,0,296237.908315385,5042456.49699991
67,0,296241.315279893,5042953.46801551
68,0,296245.721195452,5042151.47514964
69,1,296255.110907087,5043416.08166115
70,0,296256.872469429,5041994.99642514
71,0,296261.933300109,5041634.99690706
72,0,296272.503885615,5041250.00360634
73,0,296273.034527432,5042516.00060299
74,1,296284.787787035,5041644.66189408
75,1,296293.092172684,5042224.8938773
76,0,296298.769146629,5043016.18892515
77,0,296318.110147478,5042582.47085694
78,0,296318.692421007,5042102.50286183
79,0,296320.305487081,5041658.16495748
80,0,296325.510842979,5043371.07446839
81,0,296326.0348774,5041951.00406133
82,0,296336.246614091,5043278.05489363
83,0,296337.825249697,5042297.35210061
84,0,296363.182820981,5042655.8252273
85,0,296365.613177922,5043064.95812965
86,0,296369.810595562,5041292.50351262
87,1,296374.706872705,5043445.07707034
88,0,296383.365435749,5042368.34613889
89,1,296386.777486419,5041805.4969253
90,0,296388.878842916,5042057.99667834
91,0,296412.414665618,5043504.14811065
92,0,296419.188503497,5042425.06964566
93,0,296424.110694171,5043234.07234005
94,0,296433.256658282,5043183.03655226
95,0,296436.031373582,5041872.4971312
96,0,296437.06763392,5041489.00067354
97,0,296442.633461115,5043100.75194637
98,0,296449.204841721,5043560.07549012
99,0,296449.20918784,5043480.57629811
100,1,296457.976084415,5043286.32437134
101,0,296459.135135157,5043158.12767657
102,0,296462.175854591,5042490.81442546
103,0,296468.530277773,5041347.495184
104,0,296476.034948468,5043140.98540151
105,0,296485.328763291,5043615.25212206
106,0,296485.636208073,5043537.88800907
107,0,296488.182805348,5043129.10033696
108,0,296489.14143349,5041712.20401811
109,0,296497.579089639,5043120.08630975
110,0,296504.16068229,5041984.50300072
111,0,296505.73699643,5043112.26028071
112,1,296506.400767923,5042562.56917873
113,0,296513.679568082,5043104.6408266
114,1,296516.107939403,5043664.08182436
115,0,296520.576017753,5043590.93946866
116,0,296521.842368244,5041810.50066423
117,0,296523.771382713,5043094.95956443
118,0,296527.284846541,5041435.49986682
119,0,296537.95433046,5043081.35360351
120,0,296540.151342621,5041562.00172102
121,0,296541.926177308,5043232.03742171
122,0,296542.506839748,5043707.57907415
123,1,296551.250789257,5042057.4985317
124,1,296557.531270711,5042643.53357061
125,0,296570.853005404,5043218.20396549
126,0,296577.26214453,5041735.58460478
127,1,296595.499694286,5042128.5036906
128,2,296598.601001879,5043790.08065678
129,0,296603.635668375,5043103.55342208
130,0,296603.639466632,5043111.38844032
131,0,296604.621801925,5041613.00383693
132,0,296605.093883123,5042722.86477074
133,0,296614.438710238,5041913.00300501
134,0,296617.90475505,5043284.57419287
135,0,296633.045390502,5043164.88841851
136,0,296633.449331778,5041501.26649224
137,0,296640.064582795,5042198.50261633
138,0,296641.710513233,5042979.2475971
139,0,296646.668968548,5042786.88434598
140,0,296647.546738117,5041507.01090288
141,0,296648.964662719,5041891.99985435
142,0,296649.754365996,5043165.3583462
143,0,296652.600431177,5043875.07858396
144,0,296654.715236164,5041473.48643619
145,1,296657.591951753,5043345.2260746
146,0,296675.684280108,5042257.49814018
147,0,296675.834212004,5043055.73621138
148,0,296689.119821955,5043047.21494313
149,0,296689.796354067,5042851.75503087
150,1,296693.410438645,5043400.07848956
151,0,296693.437834357,5041323.49584645
152,0,296695.750814158,5041961.99964341
153,0,296695.991494695,5043128.21742837
154,0,296701.898861546,5043950.57689042
155,0,296702.022971555,5043113.35866449
156,0,296706.063279988,5043103.40521687
157,0,296714.950295487,5043115.55022014
158,1,296720.255588907,5042327.79757271
159,0,296726.071111692,5043108.11991397
160,0,296728.13632906,5043458.05318029
161,0,296731.017072215,5043104.81530032
162,1,296733.403394257,5042920.59998744
163,0,296743.655692551,5042036.00275465
164,0,296750.102922026,5044028.57702525
165,0,296761.286282695,5043504.91933949
166,0,296763.038163662,5043086.74987777
167,0,296763.623042151,5041641.49989704
168,0,296766.112262548,5042400.41688114
169,0,296768.985384365,5041548.25696218
170,0,296770.117517989,5041518.75049479
171,0,296776.699904434,5044070.58240229
172,0,296777.689521191,5042988.5953078
173,0,296784.873181599,5042107.00002036
174,0,296787.027485122,5043549.89751754
175,0,296788.459667828,5041358.59712213
176,0,296791.329111132,5041384.16308874
177,0,296791.483344879,5043131.20465116
178,0,296793.401292178,5044096.07760058
179,0,296802.47512873,5043136.78201505
180,0,296805.874940911,5041530.50326545
181,0,296806.608349031,5043058.08294137
182,1,296814.800563387,5044131.58262935
183,0,296815.1127498,5042481.57437529
184,0,296815.553854058,5041368.54493093
185,0,296819.112809686,5043049.57615859
186,0,296822.750449327,5042168.4996381
187,0,296826.651095309,5041771.50448946
188,0,296842.352328815,5043633.69474938
189,0,296842.44406354,5043112.99603844
190,0,296844.711326572,5043032.57940599
191,0,296845.179719176,5043175.81926632
192,0,296861.906999996,5043211.08153538
193,0,296862.019347135,5043178.2563273
194,0,296864.615452192,5042558.07186037
195,1,296867.457242384,5043130.20381449
196,1,296870.038484166,5044215.75644024
197,0,296881.343125007,5043211.6422236
198,0,296895.507354359,5043215.81725813
199,1,296896.404018172,5043719.0851157
200,0,296896.000641695,5043111.82006411
201,0,296898.967304131,5041778.49639165
202,1,296903.313043919,5042619.57892917
203,0,296904.556218792,5041407.29469368
204,0,296905.22031829,5041639.49601158
205,0,296913.98355999,5043260.25944399
206,0,296916.356866914,5043258.48814275
207,0,296923.409569851,5043253.22440657
208,0,296924.507046119,5044302.10666072
209,0,296927.997731499,5043249.80006378
210,1,296931.21394059,5041779.00268613
211,0,296932.627661831,5041756.50324514
212,0,296944.697182209,5043793.58693915
213,0,296944.808740642,5041645.99972524
214,0,296945.29402025,5041617.51445409
215,0,296945.316676832,5042684.07814843
216,0,296951.032377271,5041922.50118659
217,0,296968.319565749,5043151.32217717
218,0,296981.750222069,5043361.56293466
219,0,296983.502330742,5041645.99878971
220,0,296985.47502226,5041365.28790532
221,0,296988.153645235,5041979.50357001
222,0,296988.484092664,5043344.02834854
223,0,296988.931125982,5043358.52810655
224,1,296990.010920531,5042750.580932
225,0,296994.597990007,5043870.58341898
226,0,296995.900866426,5043355.58252136
227,0,296997.405258703,5043354.19088096
228,0,297004.623069224,5043347.51403422
229,0,297005.69084557,5041580.99796446
230,0,297024.312569735,5042040.50465872
231,1,297035.367300662,5042820.78611161
232,0,297036.81124549,5043935.76307254
233,0,297040.312336693,5042446.57073702
234,0,297047.636530569,5043408.29712034
235,0,297053.007604946,5043402.18750007
236,0,297055.179822479,5043175.15561893
237,0,297061.913741656,5043974.32828347
238,0,297064.279287385,5043421.66198879
239,0,297067.750356019,5041795.64992844
240,0,297070.801900656,5042102.95627394
241,0,297072.19664353,5043484.52091516
242,0,297074.386846312,5042882.03771222
243,0,297078.911089146,5042506.07198669
244,0,297083.262845445,5043296.23722952
245,0,297090.594035809,5041831.95054472
246,0,297095.748214594,5041525.06805129
247,0,297107.206827166,5043460.57760725
248,0,297116.293170138,5042179.2109733
249,5,297116.649711109,5044059.19952821
250,0,297119.712486374,5042964.57913851
251,0,297120.575685513,5043446.70674258
252,0,297121.41494585,5042570.57384698
253,0,297121.717445636,5041801.49686114
254,0,297126.000422075,5041892.99736581
255,0,297158.208813163,5043024.5762104
256,0,297161.089639943,5041951.99853391
257,0,297162.194083214,5043545.41996443
258,0,297165.913572684,5042638.07824841
259,0,297170.030384298,5044145.26993559
260,1,297170.763159914,5042285.75241899
261,0,297174.180956752,5043445.12261885
262,0,297178.239448414,5043242.83174751
263,0,297181.313044244,5042279.07792401
264,0,297181.740763714,5043408.71369717
265,0,297184.1563076,5042137.38043069
266,0,297187.298329185,5043418.08214927
267,0,297196.20550536,5043082.57934888
268,0,297204.887222852,5042021.71213864
269,0,297205.768057656,5043499.51229073
270,0,297207.480707157,5042340.85535583
271,1,297208.791582943,5043620.02459293
272,0,297214.840957825,5044210.54777902
273,0,297220.940486152,5042361.05961724
274,0,297226.523410238,5041912.09878293
275,0,297228.434990898,5041806.5012831
276,0,297234.912545015,5043660.17698045
277,0,297237.753440511,5041827.99799933
278,0,297242.973552203,5043493.74002432
279,0,297241.996352807,5044423.08529719
280,0,297243.817824704,5043351.99048703
281,0,297244.193603725,5042400.24071749
282,1,297248.219000758,5042236.07309056
283,0,297248.574895022,5043356.29940785
284,0,297252.492456969,5042092.40945453
285,0,297254.40880153,5043361.57725094
286,0,297258.988794071,5043698.86551304
287,0,297262.180853754,5043368.60850386
288,0,297267.767482692,5043373.66263884
289,0,297268.059638022,5042434.52668204
290,0,297269.069862934,5044288.75186486
291,0,297269.255574567,5043351.94682552
292,0,297272.123862101,5041883.00400074
293,0,297272.908987158,5043378.31925077
294,0,297273.716845449,5043337.9009242
295,0,297277.771687562,5043358.30789784
296,0,297279.164971275,5043674.80772674
297,1,297286.776013096,5042464.99620945
298,0,297292.973907573,5041912.53984584
299,0,297297.229637096,5043579.91993749
300,0,297301.17483109,5043765.52469772
301,0,297305.217617006,5042048.34936207
302,0,297308.706556358,5042730.5764047
303,0,297315.21204832,5042193.5725101
304,0,297315.828348561,5043333.16230942
305,0,297322.56582732,5041431.14210343
306,0,297323.197605965,5044366.98138493
307,0,297326.585945623,5043806.10510263
308,0,297331.946405106,5042533.35157181
309,1,297335.12902012,5041979.4269997
310,0,297335.746808214,5043433.33986866
311,0,297335.989598803,5042391.66840208
312,0,297336.870204807,5043647.76408506
313,0,297351.928577608,5043298.67199302
314,0,297357.138080559,5043306.01335375
315,0,297358.306435404,5042014.55206612
316,0,297359.754136728,5042808.09468613
317,0,297361.688361532,5042271.05269975
318,0,297373.016414396,5042157.0778858
319,0,297373.499201007,5041646.22817889
320,0,297376.11290859,5042599.58000627
321,0,297376.16605895,5042052.41707208
322,0,297377.471866526,5041251.57919839
323,0,297378.683471625,5041717.47721133
324,1,297381.334240486,5043891.36695473
325,0,297384.61802216,5042046.9879677
326,0,297388.607872187,5043107.58112888
327,0,297390.567610224,5043416.47144573
328,0,297391.157908869,5043278.32267459
329,0,297397.178025381,5042490.86079719
330,0,297397.503433307,5042867.57735492
331,0,297404.110022806,5042671.07666778
332,0,297404.763666986,5043511.12549077
333,0,297408.193386276,5042346.36288643
334,0,297415.64922622,5043396.75937459
335,0,297417.707391523,5042662.07924159
336,0,297420.377618256,5041777.99942297
337,1,297421.71336593,5042126.34276643
338,0,297421.900339377,5043158.5760565
339,0,297430.395898582,5042121.12426666
340,1,297435.797103792,5043976.52579146
341,0,297436.627161496,5042926.10192303
342,0,297436.82657768,5040370.36621706
343,0,297437.71045931,5042726.07791641
344,0,297440.504348883,5043552.73600566
345,0,297444.000222757,5041814.99580791
346,0,297446.101760911,5043559.24718077
347,0,297450.608336661,5042748.07776695
348,0,297451.664556963,5043565.71808894
349,0,297456.859668914,5043571.76128952
350,0,297458.295047811,5043551.20377077
351,0,297459.026005603,5043574.29133658
352,0,297460.098602724,5041770.81068711
353,0,297463.806422857,5043557.84842869
354,0,297466.602542142,5043228.65145524
355,1,297466.941824652,5042443.10279914
356,0,297471.150763891,5042206.91938558
357,0,297476.830915263,5044041.68172308
358,0,297481.957877874,5042203.60862612
359,0,297485.072437568,5044584.25600408
360,0,297487.970432274,5041882.67586705
361,0,297489.980294046,5042807.74426294
362,0,297497.462099881,5043817.76995112
363,0,297505.221787436,5043031.20492332
364,0,297506.102541111,5043633.08782665
365,0,297510.927746747,5041917.36061189
366,2,297513.513295883,5042516.0746163
367,0,297517.186104681,5042280.4570675
368,1,297519.005415745,5043196.08338985
369,0,297519.888389337,5043578.15035447
370,0,297526.692513276,5044121.08785112
371,0,297527.183196888,5042866.04132705
372,0,297529.339457928,5042276.80729163
373,0,297529.933432966,5041763.50077323
374,0,297532.815734109,5041951.5764654
375,0,297537.801952484,5043671.15243999
376,0,297549.576748365,5043491.47607982
377,0,297552.810827875,5042574.07660061
378,0,297555.001382462,5043259.57894363
379,0,297560.443766698,5042995.83330965
380,0,297568.085997529,5043638.91901098
381,0,297572.129116121,5044202.52412673
382,0,297575.081050284,5042369.7835497
383,0,297577.404649956,5043478.04270493
384,2,297579.909861935,5042027.57363869
385,0,297581.845321599,5041635.2424922
386,0,297584.538242609,5043741.3905908
387,0,297585.455725027,5042363.00099279
388,0,297587.210181227,5042627.57316948
389,0,297587.533999662,5044300.08540093
390,0,297588.20708876,5043749.66998013
391,0,297589.646211721,5043532.95324043
392,0,297590.745137771,5043047.0323203
393,0,297590.960374609,5043452.1428328
394,0,297591.570772242,5043757.26071682
395,0,297594.71104705,5043764.347293
396,0,297595.135733991,5043875.78598901
397,0,297595.494782171,5043329.13270316
398,0,297598.221828469,5041128.02929882
399,0,297598.394115879,5043772.68990328
400,0,297609.462480429,5043733.71877914
401,0,297610.398660139,5043953.58827666
402,1,297611.583660644,5043378.65472853
403,0,297614.347522929,5043739.61450205
404,0,297619.46819484,5041801.11369264
405,0,297620.560004509,5043431.6556163
406,1,297622.087763684,5042444.84636335
407,0,297628.521598252,5044275.62322037
408,0,297631.309293847,5043208.30590354
409,0,297631.801115521,5042438.52402046
410,0,297634.176326174,5043122.83337713
411,0,297634.915983258,5042109.57415567
412,0,297636.704940889,5042711.0743915
413,1,297637.894734984,5044481.59829632
414,0,297649.836217992,5043296.62272625
415,0,297652.952364364,5041808.73041859
416,0,297654.716842826,5041877.07228346
417,0,297657.31175979,5042745.08203162
418,0,297657.542507294,5043490.62327224
419,0,297658.666547074,5042502.56453156
420,1,297662.695913597,5041078.19998373
421,0,297662.764401714,5044033.37837868
422,0,297666.191700443,5041656.68967177
423,1,297667.829797502,5042496.01703994
424,0,297669.551294975,5044533.36973099
425,0,297669.860104352,5043184.39348262
426,0,297673.904617461,5042772.08290247
427,0,297677.380834469,5043684.96574882
428,0,297679.374520889,5043276.60302378
429,0,297681.078831673,5044454.60432544
430,0,297681.809245986,5042182.07009702
431,1,297693.109440332,5042804.57588803
432,0,297694.575922335,5042558.7213232
433,0,297699.494495004,5044582.99194518
434,0,297700.244953318,5041712.29144926
435,0,297701.350423683,5043556.60554873
436,1,297702.114729583,5041950.57166168
437,0,297704.786288227,5042552.25147224
438,0,297704.917455466,5041689.4199256
439,1,297706.559946218,5043160.47691679
440,0,297710.173004291,5041657.6895196
441,0,297710.852267689,5043257.06177361
442,0,297713.335764148,5041700.56937662
443,0,297713.502079426,5044504.47940179
444,0,297721.805055604,5042852.57984684
445,0,297726.703748803,5044105.10954831
446,0,297733.710434729,5042264.57982707
447,0,297737.405782831,5043299.58510277
448,0,297739.007449638,5042881.57966723
449,0,297740.180969723,5042608.94520355
450,0,297741.659051093,5043836.5818859
451,0,297745.606447867,5042525.08030331
452,0,297745.912701426,5044552.21256824
453,0,297745.913711458,5044659.10972424
454,0,297746.826713544,5041615.4199567
455,2,297747.893924731,5041766.19021006
456,0,297751.640492799,5043634.28975749
457,0,297751.955356426,5043230.93396886
458,0,297756.337412779,5043129.31031532
459,0,297763.202695637,5043341.58372157
460,0,297766.556268798,5042673.42375252
461,2,297768.303537067,5042931.34201892
462,0,297773.040037487,5043665.6119433
463,0,297776.662702958,5042666.81908424
464,0,297781.707830445,5042582.07632336
465,1,297782.306730794,5042338.57413617
466,0,297784.514949526,5041818.57676684
467,0,297792.414920931,5044168.90630003
468,0,297792.580214276,5044452.81149114
469,1,297795.778742743,5043104.29767676
470,0,297800.843386824,5043399.94084462
471,0,297802.112511744,5042732.7264606
472,0,297802.220335683,5043198.94899068
473,3,297810.283686715,5043007.58727957
474,1,297812.39324973,5042725.80951805
475,0,297817.307730517,5042558.58009743
476,0,297817.842351204,5042639.8843599
477,0,297820.810909515,5042397.08022485
478,1,297821.71683977,5041875.57254484
479,0,297827.031223934,5043183.4271711
480,0,297833.82243792,5042779.79681528
481,0,297837.85676654,5043765.13006713
482,0,297843.430381742,5043465.70740699
483,0,297847.223935164,5043066.82297041
484,0,297849.01615235,5043169.5379053
485,3,297850.913256002,5042806.41006647
486,0,297854.138011821,5042698.33012491
487,0,297854.808949468,5042535.08028992
488,0,297854.869736415,5042616.24291298
489,0,297857.007632582,5042453.07990103
490,0,297860.07968268,5042800.23292168
491,0,297860.483112437,5043220.36056335
492,0,297872.208427813,5043817.26395064
493,0,297874.808022991,5041960.07736933
494,0,297882.93811493,5042856.896852
495,1,297890.882192678,5043142.91445471
496,0,297891.008456877,5042590.57982529
497,0,297892.231619703,5042673.46637251
498,0,297892.711448397,5042509.57748808
499,0,297892.745432474,5042850.70882785
500,0,297896.678855613,5041817.13435322
501,0,297897.720542214,5044311.47204941
502,0,297907.667645116,5043249.06307226
503,0,297910.250858337,5044043.23397953
504,0,297911.453212539,5041818.116521
505,0,297911.596842741,5042879.3133377
506,0,297912.993829519,5044350.33060192
507,0,297913.093595897,5043879.09085491
508,0,297915.28708641,5043183.39879294
509,0,297915.000796465,5044355.48505322
510,0,297917.78024753,5044362.66262368
511,0,297920.234050379,5041802.15593065
512,0,297921.257128843,5044371.64121695
513,0,297921.708599366,5042033.07379701
514,0,297923.84787896,5044378.33149179
515,0,297926.811581695,5044385.99099987
516,0,297928.308915153,5042052.07541838
517,0,297928.686485924,5044637.37386249
518,0,297929.380990024,5042930.72339949
519,0,297929.506833893,5042649.43592807
520,2,297929.908591543,5042565.58266205
521,0,297931.488275118,5044624.17292526
522,0,297938.569202378,5042924.72734645
523,0,297938.686051876,5044428.07710112
524,0,297942.896700363,5043231.08325908
525,0,297944.318685708,5044533.25906161
526,0,297944.398442289,5043927.59400479
527,0,297945.765913052,5044459.19840818
528,0,297963.69469386,5039840.78953474
529,0,297965.274214919,5042987.45989547
530,2,297967.409863305,5042113.08001235
531,0,297968.029350884,5042624.16140972
532,0,297972.723373429,5043088.12063139
533,0,297974.822828255,5042981.01994566
534,0,297976.902804849,5042724.08619145
535,0,297977.397975753,5043286.08551644
536,0,297981.422823721,5039853.38288268
537,0,297986.793238172,5043992.09121367
538,0,297995.845965012,5044681.8744357
539,0,298000.771768305,5041766.98532961
540,1,298001.939026766,5043129.09391033
541,0,298011.084044241,5043059.58665201
542,0,298011.708528283,5044164.58136717
543,0,298014.968175627,5042187.45722037
544,0,298015.913707486,5042699.07400808
545,0,298018.097709801,5043353.08695843
546,0,298020.22140707,5043054.26869591
547,0,298031.806708844,5042944.08730318
548,0,298035.092495262,5044065.59243135
549,0,298039.759486067,5043103.85739784
550,0,298042.19996876,5043392.08665195
551,1,298044.333192661,5044643.22405053
552,0,298048.525925187,5042749.62745898
553,0,298049.06341678,5042327.50271142
554,0,298049.19644701,5044650.91993163
555,1,298049.429746292,5043097.38294602
556,0,298051.757615786,5042246.26543053
557,0,298054.488702246,5044299.59026657
558,0,298057.299085692,5044269.9194464
559,0,298058.104120142,5042975.08173203
560,0,298059.646757292,5042929.28360543
561,0,298062.963924969,5044276.71117774
562,0,298066.303458621,5042778.0830258
563,0,298069.892407349,5042995.07988821
564,0,298070.205037437,5043150.7902527
565,0,298073.984371914,5044125.04730161
566,0,298079.741719826,5043013.92920405
567,1,298080.294432538,5042832.3723927
568,0,298080.625128088,5043144.10975172
569,0,298083.489373253,5044139.58841219
570,0,298086.74529376,5042384.51042552
571,0,298087.241497765,5040148.0588159
572,0,298087.294128622,5043466.09220302
573,1,298087.405202671,5042301.57961156
574,0,298087.790050175,5039888.27862025
575,0,298088.142473375,5043023.48694476
576,0,298090.190818509,5044714.09291691
577,1,298095.321535378,5042822.73949253
578,0,298095.379959602,5044362.16805112
579,0,298104.088121564,5039947.49476506
580,0,298104.650826725,5040035.00258215
581,0,298105.386316722,5043203.8221396
582,0,298106.814942497,5041937.0790803
583,0,298109.417025365,5044241.64066645
584,0,298110.741546025,5043057.69526158
585,0,298115.464618835,5043197.61639193
586,0,298119.05561687,5042350.39813763
587,0,298123.270054404,5040027.1242045
588,0,298124.109504252,5042440.58313736
589,0,298124.407166569,5042358.57639466
590,0,298128.68331524,5040049.56366362
591,0,298131.33178875,5044415.42550128
592,0,298132.908867994,5042736.18467886
593,1,298138.439345933,5044222.62791729
594,0,298140.798587869,5043552.08748596
595,0,298142.302326723,5043104.08844393
596,0,298145.459999592,5044574.94766371
597,0,298147.073317639,5041998.81663455
598,0,298147.428052703,5042692.39768675
599,0,298148.815826365,5043268.66624916
600,0,298150.797926389,5040293.51478897
601,0,298152.708935193,5042403.58038484
602,0,298152.831907474,5044583.14787807
603,0,298158.868721573,5043262.1391421
604,0,298160.910298364,5042417.08143961
605,0,298161.003452978,5042499.0759692
606,0,298167.033968688,5044469.99243346
607,0,298169.111448363,5042249.0812958
608,0,298169.605106001,5042600.57926382
609,0,298171.891260315,5041638.38513733
610,0,298173.065691795,5043304.86087131
611,0,298177.602526225,5043157.58598965
612,0,298178.962021399,5041649.4632623
613,0,298179.494918775,5042528.33441917
614,0,298179.823756562,5043613.66951305
615,1,298181.402742685,5042765.57695512
616,0,298182.717804308,5043298.34555169
617,0,298185.903474519,5042453.87001459
618,0,298187.854600933,5039878.27102773
619,0,298195.146865362,5042072.20654151
620,1,298198.407028913,5042475.08134844
621,0,298200.701941412,5042298.77760047
622,0,298203.102009363,5044524.65606476
623,0,298217.71096205,5042504.07655611
624,0,298220.407165184,5043675.09227928
625,0,298220.970095812,5042827.77368593
626,0,298221.157867213,5043377.19156698
627,0,298221.188025447,5044551.39487526
628,0,298221.000302235,5043221.58809424
629,0,298230.657468435,5043370.94947827
630,1,298233.913052827,5042129.57362739
631,0,298246.096086796,5044149.59550589
632,0,298249.900620083,5039966.95415334
633,0,298250.00726053,5042556.07642494
634,0,298251.502250693,5042878.08243461
635,1,298252.594842694,5043725.08634957
636,0,298254.916623973,5040290.07531714
637,0,298256.490408109,5044605.29323983
638,0,298267.30500007,5042109.07885444
639,0,298268.708716636,5042185.57942057
640,0,298269.302505414,5042907.5796728
641,0,298270.965155031,5043189.59932533
642,0,298276.111237898,5043461.03126807
643,0,298280.537470753,5044486.00139685
644,1,298283.10556068,5042609.58368205
645,0,298286.076097829,5043454.01984211
646,0,298289.552073702,5044491.96486021
647,1,298289.607239707,5041819.57593191
648,0,298291.200349411,5042941.58593774
649,0,298295.492177906,5043789.09591842
650,0,298295.865419235,5043227.33442226
651,0,298297.421965363,5044227.17681941
652,0,298299.000203581,5042235.45675003
653,0,298302.209188149,5042163.57864367
654,0,298315.912198204,5040057.7688211
655,0,298317.100876861,5043522.32232864
656,0,298321.399922462,5042989.08785914
657,1,298322.602930853,5042675.07916878
658,0,298324.022142576,5039791.00834161
659,0,298326.161118642,5043516.0602456
660,0,298330.752976131,5041882.26429795
661,0,298330.770463368,5042285.60146544
662,0,298331.831052792,5044280.47407712
663,1,298342.800212841,5043299.59238964
664,0,298343.436116645,5043862.71085427
665,0,298349.44790809,5039774.27405717
666,0,298354.50149294,5044448.64973834
667,0,298356.534502188,5039784.34215909
668,0,298357.10322166,5043042.08333128
669,0,298357.096742226,5043958.59147292
670,0,298357.665700895,5043583.93429152
671,0,298361.216551618,5041530.57499543
672,0,298361.993337969,5042336.56180935
673,1,298362.198916423,5042737.087008
674,0,298367.010530216,5043577.79521454
675,0,298368.014110245,5039797.26163468
676,0,298370.267483642,5044336.30597623
677,0,298377.594051994,5043350.58538414
678,1,298379.313152398,5041955.07585104
679,0,298379.939545113,5041500.17754255
680,0,298387.626959618,5039874.23895718
681,0,298387.961626772,5041512.33954423
682,0,298390.913694488,5043633.71636142
683,0,298392.396847794,5043935.09125242
684,0,298392.820132763,5040148.58878042
685,0,298393.803175395,5042787.58454063
686,0,298394.80711491,5042387.08420319
687,0,298396.431459682,5040517.56398676
688,0,298397.692869863,5043380.58747919
689,0,298400.400728929,5043106.0907783
690,0,298400.408319693,5043627.14381942
691,0,298411.994168932,5044040.58773468
692,0,298412.001039412,5042817.58012178
693,1,298415.766691595,5044402.95566437
694,4,298416.904229768,5042014.08043081
695,0,298423.49868959,5042697.21864924
696,0,298426.09470145,5039848.17188147
697,0,298429.079210948,5044427.06582286
698,0,298430.607411101,5042440.58417218
699,0,298433.098698488,5042851.57997119
700,0,298433.548235512,5043698.66448926
701,0,298437.492432719,5043442.08451005
702,0,298443.130456888,5043692.36609327
703,0,298445.33459382,5042870.09751108
704,1,298447.594306264,5044017.09112677
705,1,298453.0584687,5042067.71643763
706,0,298455.79287882,5042747.28724896
707,0,298456.218118082,5044473.2282129
708,1,298456.740659006,5040229.06225284
709,0,298457.536581221,5040604.06330077
710,2,298463.402171557,5042491.08570573
711,0,298463.601051927,5042898.58528962
712,0,298465.741830258,5044467.11723816
713,0,298471.924223839,5039955.26879155
714,0,298472.509087232,5041702.07765477
715,0,298474.709899908,5043501.61297483
716,0,298474.99091875,5044461.76425636
717,0,298477.385549124,5042189.77672012
718,0,298481.908895878,5043771.69791318
719,0,298484.812457936,5042115.57892958
720,0,298491.062643217,5043765.58014898
721,0,298495.161845575,5039994.34830716
722,1,298498.503720448,5042951.5843074
723,0,298501.326785547,5040779.32906188
724,0,298503.046732289,5039934.2808538
725,0,298505.730940573,5042556.14951459
726,0,298507.191084378,5043978.59581621
727,0,298507.361453703,5040803.50790588
728,0,298508.294337219,5040014.26709301
729,0,298508.912845788,5043553.49969925
730,0,298508.931620132,5042240.67164865
731,0,298511.317082531,5040297.18363413
732,0,298511.90789485,5041763.57579453
733,0,298517.009408096,5042165.58287067
734,0,298518.356953444,5039785.52809026
735,0,298526.998227217,5041402.94261156
736,0,298529.470346285,5044514.45335923
737,0,298530.178370912,5043844.75722547
738,0,298531.102580645,5043076.58305597
739,0,298536.945454411,5040050.70108969
740,0,298539.170989014,5043838.66214603
741,0,298539.696224401,5040923.74001927
742,0,298540.281710833,5044587.18033741
743,0,298541.003791226,5043015.08511686
744,1,298545.200335587,5042618.0814535
745,0,298546.638021533,5039825.91756867
746,0,298548.600475323,5044588.52975669
747,1,298550.788640661,5042214.89831462
748,1,298551.798399206,5043619.0895644
749,0,298554.763238582,5040773.73445444
750,0,298557.195329939,5044055.09620634
751,0,298559.07058933,5041837.19420312
752,0,298562.425683044,5044610.06112521
753,0,298562.863084108,5040987.26129665
754,0,298564.530051835,5044591.11375553
755,0,298566.702474731,5043053.08657558
756,0,298574.884147738,5044648.11123422
757,0,298575.682922251,5044592.92290621
758,0,298577.834944448,5044646.37425564
759,0,298577.897226641,5043147.08341803
760,0,298578.400972351,5042667.58084763
761,0,298579.866861559,5044614.23643573
762,0,298582.817836992,5041051.00673833
763,1,298582.974281471,5042265.15191043
764,0,298583.576085611,5044642.9966026
765,0,298583.700887752,5039879.14384727
766,0,298584.828468211,5043927.13235421
767,0,298588.532165452,5040384.55551549
768,0,298588.598515134,5043594.94713507
769,0,298591.338208499,5041046.71140297
770,2,298592.46807203,5041712.06597787
771,0,298592.893501411,5044109.09236531
772,1,298593.165663303,5043921.36768516
773,0,298595.743995999,5044638.17573947
774,1,298595.826727723,5039896.99562399
775,0,298597.712427509,5041897.0769816
776,0,298600.498134435,5043692.58861007
777,0,298601.76569175,5041373.41295963
778,0,298602.74607082,5041354.49605637
779,0,298606.211993779,5042705.55820671
780,0,298606.335480123,5041330.79483963
781,0,298608.41744319,5044641.24098423
782,0,298609.897960224,5043194.58720125
783,2,298613.194374695,5043124.08346191
784,0,298618.106448883,5042320.58260437
785,0,298627.440694825,5040051.5547301
786,0,298629.189007799,5044163.59599869
787,0,298632.909449934,5041951.07961865
788,0,298633.103837581,5042746.58566894
789,0,298636.065049034,5044003.59867862
790,0,298636.193298051,5043224.09055357
791,0,298636.195281436,5043669.59674196
792,1,298640.615219139,5041787.58023192
793,0,298641.589466666,5041233.04797928
794,0,298645.448740568,5041158.96858321
795,0,298645.687504346,5041216.42417986
796,0,298645.701739775,5043997.64294557
797,2,298647.311335392,5041242.76391921
798,1,298647.988674919,5039975.08301215
799,0,298648.810317091,5041134.11634639
800,0,298649.394894128,5043766.59694388
801,0,298649.910865615,5042371.07904023
802,0,298655.338534267,5041152.28403738
803,0,298655.745850239,5040094.0566112
804,0,298657.810224682,5041002.66600997
805,0,298658.650259335,5041202.23475905
806,0,298659.954984181,5040839.33501194
807,0,298660.30191074,5040462.29412897
808,0,298664.401417884,5042794.58766747
809,0,298664.611701059,5042000.08037626
810,1,298666.293830142,5043203.585931
811,0,298667.102892999,5041261.69490763
812,0,298668.557813332,5040547.86071783
813,0,298671.238999772,5044057.2407534
814,0,298673.993778599,5044232.09512326
815,0,298675.967792951,5040453.13065597
816,0,298676.250105735,5041846.91596945
817,0,298676.698733568,5043284.58891763
818,0,298680.751778323,5044051.36943684
819,0,298682.498401746,5042832.08324586
820,0,298683.22534169,5041651.95436865
821,0,298685.488319578,5043742.59243323
822,0,298686.496789169,5041204.66185806
823,0,298690.950341543,5041221.80464176
824,0,298691.3611696,5041297.91937736
825,3,298692.505215334,5042435.58446985
826,0,298696.312191865,5042047.5801455
827,0,298697.56259482,5039722.84591587
828,0,298699.102296103,5041310.75898591
829,0,298704.960540282,5043848.20311658
830,2,298706.043691945,5040059.56207914
831,0,298706.198777322,5043264.08698834
832,0,298707.655700698,5044112.16011587
833,0,298708.183677307,5041286.64713624
834,0,298708.406917398,5041826.07479765
835,0,298709.867531135,5040912.3275387
836,0,298711.752075901,5043345.71989234
837,0,298712.969537606,5042958.10577489
838,0,298716.595959074,5041703.65248829
839,0,298717.038678364,5044105.84261704
840,0,298718.718310549,5044297.95896815
841,0,298718.856099299,5040797.62696626
842,0,298723.599599408,5042897.081295
843,1,298732.099958442,5042496.08112375
844,1,298732.359032702,5042098.2994272
845,0,298732.004256119,5041730.29899686
846,0,298736.859892885,5040950.69747802
847,0,298739.928296256,5043825.62830845
848,0,298742.737508667,5041879.5476801
849,0,298744.598230373,5043323.58901606
850,2,298744.658474442,5039795.27955709
851,0,298745.753084132,5043397.64735386
852,0,298745.896045471,5040778.40435984
853,0,298749.200732784,5042934.58795265
854,1,298749.82552122,5040968.5675425
855,0,298750.170990746,5040026.75809628
856,2,298751.45516328,5044178.78233079
857,0,298757.39407539,5043924.0933991
858,0,298760.075562724,5043030.12110836
859,3,298760.639490319,5040136.05917456
860,0,298760.933387878,5044360.4766818
861,0,298761.170392517,5044172.41989853
862,2,298762.507692883,5042147.57976895
863,0,298764.09964464,5042545.58585553
864,1,298766.407292138,5041245.53850676
865,0,298769.609543611,5041786.572378
866,0,298771.786965733,5041254.19825043
867,0,298772.84211274,5041928.25559948
868,0,298779.436223637,5043375.15427764
869,0,298780.465364586,5041591.42711801
870,1,298783.918228064,5041441.5731088
871,0,298789.096661398,5043463.50806455
872,0,298790.498149659,5042585.58018907
873,4,298790.619094881,5039874.63574282
874,0,298792.558029118,5041232.0088591
875,0,298792.991975445,5043978.09490758
876,0,298795.064667551,5041035.63411567
877,0,298796.239583688,5043006.98044253
878,0,298797.930810983,5044245.30612565
879,0,298798.676579071,5042202.65727687
880,0,298803.18841885,5044424.09691327
881,0,298805.305583422,5041976.58050185
882,0,298807.198052663,5044238.89329583
883,0,298811.216089794,5041483.56924705
884,0,298812.4121473,5041644.07105663
885,4,298815.743600505,5040216.56178397
886,1,298816.606181289,5042625.58133022
887,0,298819.942272486,5041327.33114905
888,1,298822.599170241,5043440.58649345
889,0,298826.655870663,5040722.71135437
890,1,298830.09091813,5044032.09464343
891,0,298830.620353022,5042254.0505148
892,0,298832.641888358,5042983.6604914
893,0,298836.83375843,5043537.05323225
894,0,298837.882958708,5042026.80174536
895,0,298840.725536082,5041101.56918591
896,0,298840.924476659,5041404.5715659
897,0,298841.105001475,5044306.75671651
898,0,298847.848992259,5043085.80464317
899,0,298848.091419887,5044491.09962043
900,2,298848.78170949,5039959.60988022
901,0,298849.69158933,5042676.51630616
902,0,298850.506130606,5044300.92032664
903,1,298850.719346233,5041546.07256016
904,0,298861.40785317,5043029.02583268
905,1,298868.439163854,5040291.06135197
906,0,298869.10772073,5041724.57675073
907,0,298870.712693191,5042078.07510887
908,0,298871.498687071,5043514.09444525
909,4,298871.857788306,5042709.90424423
910,0,298872.761813462,5042316.41394584
911,0,298874.088773618,5044098.0954144
912,0,298876.045527848,5040798.40162507
913,0,298880.280529804,5041598.80810027
914,0,298881.035730833,5040309.56493476
915,0,298882.686300111,5043062.57359554
916,0,298885.111485004,5043610.5929846
917,0,298885.500861315,5041170.2556849
918,0,298885.563696057,5044370.32702141
919,0,298887.214818326,5041521.57636693
920,0,298888.29684466,5043145.58983428
921,0,298894.988894805,5044363.96138894
922,0,298900.81396563,5041631.57121839
923,1,298902.210187705,5041775.57223413
924,5,298903.943087288,5040035.55224378
925,0,298908.924654715,5043489.16991864
926,0,298912.051081019,5042379.2280379
927,0,298914.008867782,5042775.14004703
928,1,298914.072766148,5040853.31298897
929,0,298915.735978196,5040361.06287277
930,0,298918.594107611,5044164.5995766
931,0,298918.897693553,5043587.59421425
932,0,298926.07406499,5043204.69324083
933,0,298929.015312661,5041494.83991534
934,1,298931.612043607,5041683.07224066
935,0,298932.030417359,5044435.28946806
936,0,298932.40284575,5041825.64491861
937,0,298936.743676021,5039776.55863464
938,1,298937.991938856,5042811.7025219
939,0,298938.123194719,5041248.57466108
940,0,298938.892473458,5043693.59874335
941,0,298939.974252827,5041604.58459679
942,0,298940.858737916,5044429.50706867
943,0,298943.607356572,5042428.58244651
944,0,298945.89154845,5043689.09403419
945,0,298949.271411825,5042750.69761844
946,0,298955.898800887,5043564.09123623
947,0,298956.113510253,5041880.0756735
948,0,298959.689478356,5044227.09627611
949,1,298960.616116558,5040422.15923521
950,0,298960.899839696,5043256.08775675
951,0,298961.12284706,5040924.56428506
952,3,298963.326072813,5040110.41584438
953,0,298964.408583113,5041735.07440387
954,0,298966.454809032,5042852.07094007
955,0,298969.088843923,5043345.55527247
956,0,298970.641311879,5042469.34606709
957,0,298972.825096774,5042787.90096121
958,0,298973.26179146,5042893.81600667
959,0,298973.659049871,5041655.53646321
960,1,298975.60948016,5043669.52247483
961,0,298980.321985034,5041314.07216311
962,0,298987.813116223,5041929.57651833
963,2,298992.627533432,5042863.14724318
964,1,298994.314400059,5041785.07398072
965,0,298995.020353432,5043765.92454365
966,0,298995.145114569,5039859.5823486
967,0,298995.905580244,5042510.07924639
968,0,298996.600015843,5043232.58570276
969,0,298998.027320297,5040997.56555434
970,1,298998.416909876,5041640.07226026
971,0,299000.081513985,5042829.49529057
972,0,299000.154306524,5040302.14429244
973,0,299002.317387646,5042937.87364957
974,0,299003.08789834,5044291.09859517
975,0,299004.692835161,5043321.0882329
976,0,299004.84810614,5043649.48884278
977,0,299006.825033598,5040991.57177795
978,0,299012.123603215,5043644.62647261
979,0,299012.132636854,5040497.06550357
980,0,299014.346464755,5042820.55809335
981,0,299015.712148587,5043418.94961063
982,3,299016.647961586,5040187.86553421
983,0,299021.579690874,5041981.15257564
984,0,299022.901452175,5042969.08837527
985,0,299024.107209546,5041835.57873861
986,0,299026.414075267,5043745.36851144
987,0,299029.384097907,5042560.5116989
988,0,299030.515853612,5041691.5723838
989,0,299030.51846999,5043818.6005773
990,1,299038.142316552,5040362.31681655
991,0,299039.799776795,5043298.08950858
992,0,299039.83304136,5044587.66422092
993,2,299043.121313579,5041066.06632656
994,0,299043.496085292,5040371.7657959
995,0,299047.491705476,5044356.09724086
996,1,299047.520770879,5041419.06980787
997,2,299048.06630691,5044582.20496875
998,0,299048.403414715,5039935.56813897
999,0,299050.702495835,5042592.07993611
1000,1,299052.299260149,5043395.08760178
1001,0,299054.014851644,5041887.07933176
1002,0,299056.225849667,5042036.05064329
1003,1,299056.442930941,5043725.34077588
1004,4,299057.6803946,5040563.94570164
1005,0,299061.308089242,5042945.25915503
1006,0,299061.351638839,5043798.26919469
1007,0,299062.908742004,5043875.36792516
1008,0,299063.293941765,5043030.09170595
1009,1,299063.89779064,5043492.09481559
1010,1,299064.039719236,5040255.55989188
1011,0,299065.493461287,5040037.44562157
1012,0,299085.330908058,5041939.07424499
1013,0,299087.939104731,5042087.23316104
1014,0,299087.991747811,5043371.09485015
1015,0,299089.888036761,5044418.59310042
1016,1,299091.530102015,5040442.06097227
1017,0,299092.706573136,5042656.5885074
1018,0,299095.126830642,5041146.06817405
1019,1,299096.013926315,5041493.57887498
1020,0,299097.976767582,5043852.34731287
1021,1,299098.930908856,5040628.06895725
1022,0,299100.394146905,5043467.58825895
1023,1,299101.345849491,5040012.56019046
1024,1,299101.992918661,5043004.89490777
1025,0,299102.602186067,5043088.09392095
1026,0,299105.767241507,5040316.45276371
1027,3,299111.307132934,5040324.44932678
1028,0,299117.211602897,5042694.87570461
1029,0,299118.392356791,5043574.59255619
1030,0,299119.735608216,5041994.22146009
1031,0,299119.894209263,5040116.69534222
1032,0,299125.453604596,5043570.04063922
1033,0,299125.931432924,5040691.56422442
1034,1,299126.716939085,5041557.07276573
1035,1,299128.607755443,5042150.07980761
1036,1,299130.228533603,5040703.56673285
1037,0,299133.615601827,5041552.57355857
1038,0,299136.594535689,5043444.0888716
1039,0,299136.793000918,5043139.58956012
1040,1,299137.622020369,5041212.74977096
1041,1,299138.831698236,5040507.55999911
1042,0,299141.015690501,5043062.13365775
1043,1,299141.625167546,5043919.43271732
1044,0,299143.795801992,5041209.00808899
1045,0,299143.000640386,5042735.7328403
1046,0,299149.607872585,5039867.26697223
1047,0,299150.662927624,5042747.44826673
1048,1,299151.530012214,5040751.56369461
1049,0,299151.653125507,5042045.31317698
1050,0,299153.966294788,5040282.78313981
1051,0,299154.390816675,5043549.59303915
1052,0,299156.991620627,5040090.61575424
1053,0,299159.717695925,5040290.74929356
1054,0,299160.11673808,5041608.57195078
1055,1,299163.506553062,5042402.08000046
1056,0,299165.527455839,5040786.57090272
1057,1,299170.714386867,5042211.01064722
1058,0,299172.374251066,5039965.78036128
1059,0,299174.404994364,5043646.59279078
1060,1,299176.157407793,5043113.62248942
1061,0,299179.099532596,5043205.59299825
1062,1,299182.033444977,5040572.56241258
1063,0,299187.323843012,5043985.88091533
1064,0,299190.491360665,5043526.08908503
1065,0,299190.81375173,5041656.57618867
1066,1,299191.917578547,5041588.07474742
1067,0,299192.617224924,5042110.46462223
1068,0,299194.806959453,5042449.58159425
1069,0,299198.430960956,5040863.06232072
1070,0,299202.148639488,5042259.08861697
1071,0,299202.252114956,5039945.31602886
1072,0,299202.466314468,5042588.3247793
1073,0,299204.132357377,5040161.1903342
1074,0,299204.727028617,5043626.27818712
1075,1,299207.24780834,5040459.7006144
1076,0,299207.772826855,5044017.42988996
1077,0,299218.003045555,5042484.08691773
1078,0,299219.863323802,5043177.67829748
1079,0,299220.02155555,5041309.57314403
1080,1,299220.228639729,5040629.06219952
1081,0,299221.315595958,5041705.5721675
1082,0,299222.114418293,5041636.0762391
1083,0,299225.292485739,5042623.92399243
1084,0,299226.149645804,5040041.83967839
1085,0,299227.296513501,5043279.58908848
1086,1,299228.39974779,5044048.80684701
1087,0,299228.506319359,5042301.08216112
1088,3,299230.327771587,5040940.56862932
1089,0,299240.67081215,5044066.11530057
1090,0,299241.834694082,5041145.42520937
1091,1,299244.495139311,5040219.74970786
1092,1,299245.428209023,5040529.06740156
1093,0,299245.58596108,5043996.09502419
1094,0,299247.508564144,5041834.58102114
1095,0,299250.151671351,5040228.26186964
1096,0,299252.497189011,5042665.99617161
1097,0,299253.509964525,5041756.07599063
1098,1,299255.203974388,5042343.0811652
1099,0,299256.226713991,5040681.06944421
1100,0,299259.140539547,5042675.9141762
1101,0,299260.802806544,5042549.58215913
1102,0,299268.552961747,5041048.34083381
1103,0,299269.620348181,5041387.71454501
1104,2,299270.060155457,5043251.26499114
1105,0,299271.08857692,5040115.28586265
1106,0,299271.178662199,5044113.01098212
1107,1,299274.304054518,5043731.37540739
1108,0,299275.596130322,5043353.08955411
1109,0,299276.809156757,5044041.56230228
1110,1,299277.931235281,5040589.0605638
1111,0,299278.000916231,5044122.7370872
1112,0,299282.213820126,5041887.08020449
1113,0,299282.885491415,5042394.47063871
1114,0,299287.580363794,5040727.1720738
1115,1,299287.885232229,5041115.43992305
1116,0,299289.211044397,5041807.5797965
1117,0,299289.500011645,5042320.08569914
1118,2,299292.198414114,5041453.19030746
1119,0,299304.548389918,5042427.48534549
1120,1,299305.213394315,5042037.46711319
1121,0,299305.633410671,5040850.12650743
1122,1,299310.431205435,5040644.06060252
1123,0,299312.777975349,5040178.33817454
1124,0,299313.310310636,5041792.07557174
1125,0,299315.606494825,5041938.07883104
1126,0,299316.696801067,5044179.69115886
1127,0,299318.707353909,5040879.69847766
1128,0,299319.971823486,5043800.04345833
1129,0,299319.000253079,5043323.00344516
1130,0,299321.101350659,5042417.08122778
1131,0,299322.794835058,5042026.00912213
1132,0,299324.589741626,5044414.30649881
1133,3,299327.189416921,5041245.91499814
1134,0,299329.192521759,5043435.09601644
1135,0,299330.733614303,5040554.05922384
1136,1,299335.583592783,5043886.91697143
1137,0,299341.247262316,5040217.45538268
1138,1,299344.836511832,5040364.06623533
1139,0,299348.99636368,5039950.22800596
1140,0,299352.751789775,5042167.52692104
1141,0,299354.188342991,5043923.59528731
1142,0,299355.01398122,5040308.80567559
1143,0,299356.473476238,5041857.2768308
1144,0,299358.011276379,5042002.57525519
1145,0,299358.022567879,5041343.07502711
1146,0,299358.692424825,5044241.09797611
1147,0,299364.198422507,5042483.08022918
1148,0,299364.631186436,5040604.06975635
1149,0,299365.919708564,5043867.39343358
1150,0,299370.021107452,5040843.98897123
1151,0,299371.697029391,5043406.08966078
1152,2,299374.812453101,5041400.07257182
1153,0,299377.511287481,5040340.84726902
1154,0,299377.002649554,5042204.58164836
1155,0,299382.405609284,5041986.08380511
1156,0,299384.508292327,5043970.22219499
1157,0,299386.988176609,5042127.13812998
1158,0,299387.565154136,5043899.69720015
1159,0,299389.233304684,5040285.06659859
1160,0,299390.282263267,5040430.33126102
1161,0,299392.219132764,5041459.56968114
1162,0,299392.713599788,5044128.8739819
1163,0,299393.314729024,5042135.44071063
1164,0,299393.899713012,5042464.08836201
1165,0,299395.026796545,5044296.73392709
1166,0,299400.744825209,5040025.97494391
1167,0,299403.402588052,5042246.08676589
1168,0,299407.974972216,5041823.38669685
1169,1,299409.793409819,5040319.66167255
1170,1,299410.014868061,5041515.57237218
1171,0,299410.329959783,5040019.16648653
1172,1,299412.231533963,5040673.56473488
1173,0,299414.448574189,5042560.55135244
1174,0,299419.082920711,5043946.60870433
1175,1,299420.773344962,5040810.5052786
1176,0,299421.420069743,5042571.61495792
1177,1,299421.494582413,5043480.09852221
1178,0,299422.030319198,5040476.56178661
1179,0,299422.489261359,5043876.0996125
1180,0,299423.705047621,5041959.58450439
1181,0,299425.016246942,5041561.07171699
1182,1,299429.334864567,5040487.56034087
1183,0,299430.806134337,5044349.61294109
1184,0,299430.98737335,5040941.91860896
1185,0,299433.909405317,5041952.58397315
1186,0,299435.284278778,5044192.59833599
1187,0,299439.33384562,5042075.56548989
1188,0,299440.205552828,5042290.08617721
1189,1,299440.721266377,5041171.249369
1190,0,299443.398232353,5040870.54962401
1191,0,299444.892443828,5042540.85277766
1192,0,299447.216722666,5041629.57220304
1193,1,299448.207948006,5042217.08520503
1194,0,299452.033500241,5041823.56904348
1195,0,299452.057008893,5040386.81257438
1196,0,299453.320793648,5044386.12893122
1197,0,299453.627119669,5043923.44410677
1198,0,299456.891918368,5044003.04204518
1199,0,299457.090819793,5043532.59870078
1200,1,299461.334335815,5040537.064264
1201,1,299461.921609301,5040919.57095291
1202,0,299462.901941364,5042324.57870792
1203,0,299465.709068933,5041693.58147136
1204,0,299466.919968615,5041212.55493444
1205,0,299467.000864071,5040267.88050846
1206,0,299469.628994331,5040131.9687022
1207,0,299471.790257009,5044247.10134041
1208,0,299477.504490528,5042265.08591872
1209,0,299478.227654915,5040772.00313468
1210,0,299479.521723091,5041331.06931123
1211,0,299480.750976753,5040124.5897371
1212,1,299484.229923264,5040432.0617924
1213,0,299488.544657962,5040219.45060848
1214,0,299490.640287175,5041393.74254137
1215,0,299490.80136116,5042041.32351583
1216,0,299491.213735828,5041769.0764209
1217,0,299492.387061285,5043585.09525242
1218,0,299493.128670845,5041253.86096049
1219,0,299495.206558088,5044060.6791244
1220,0,299497.91254113,5041050.73565139
1221,0,299499.56631903,5039957.48509645
1222,0,299500.805441583,5042300.58652833
1223,0,299501.715387111,5040241.61240601
1224,0,299506.234544574,5040608.06737712
1225,0,299506.606337798,5042391.08553617
1226,0,299508.911169933,5041507.07154318
1227,0,299513.472401706,5040824.51642877
1228,0,299514.863161367,5040201.56596428
1229,0,299520.890101102,5041582.51169057
1230,0,299527.604585132,5040220.18612946
1231,1,299529.408242004,5041890.07578909
1232,2,299530.705350099,5041111.40252991
1233,0,299535.986637328,5040231.03353679
1234,0,299536.118327835,5043297.17424573
1235,0,299538.010393624,5040210.29310609
1236,1,299538.095290228,5043653.09459107
1237,0,299544.705943429,5042366.08162677
1238,0,299546.770495915,5040222.94877363
1239,0,299549.626950431,5040577.56102057
1240,1,299551.030802584,5041101.87045403
1241,0,299559.16460726,5042464.66906894
1242,0,299563.055159638,5041995.11885136
1243,0,299564.08581881,5041206.89717748
1244,0,299564.512953218,5042000.0280925
1245,0,299566.584334742,5042006.49436154
1246,0,299566.652455852,5042006.44923522
1247,0,299568.723944565,5040710.56877158
1248,0,299569.670949893,5041863.92957008
1249,0,299569.797601416,5042016.52527405
1250,0,299569.837647124,5042016.50011187
1251,0,299572.355209164,5042024.50940426
1252,0,299573.473302012,5040370.45053474
1253,3,299574.113463913,5042030.07269928
1254,0,299576.18730296,5044180.60396016
1255,0,299576.893335596,5043841.59482034
1256,0,299576.973997149,5040295.88498698
1257,0,299583.017205606,5041262.57116145
1258,0,299582.997576648,5041189.28596352
1259,1,299584.193451911,5043721.10166839
1260,0,299585.594101049,5043372.09894073
1261,0,299586.338161333,5040285.57436817
1262,2,299592.48115708,5042440.54831542
1263,0,299597.219925447,5041326.07501198
1264,0,299598.396624053,5041178.28911428
1265,0,299600.994950235,5042452.46251194
1266,0,299601.2615749,5042116.73929628
1267,0,299603.066332221,5040766.64315663
1268,0,299604.412315206,5040352.6158626
1269,0,299607.227961976,5040686.56413313
1270,0,299615.693484495,5044239.10575785
1271,0,299618.022432895,5040347.73144091
1272,1,299620.490915606,5041057.46020667
1273,0,299621.715090764,5041432.5726607
1274,0,299620.995666791,5043423.59957574
1275,0,299628.122505535,5041680.05399766
1276,0,299628.42895491,5040808.0706623
1277,0,299629.604838069,5040141.20429367
1278,0,299631.505458827,5042216.08436665
1279,0,299637.008998497,5042232.58455092
1280,2,299638.114926118,5041506.07248382
1281,0,299638.38884909,5043801.60448743
1282,0,299639.36892556,5040153.78553062
1283,0,299642.271288215,5041742.76508381
1284,0,299645.808716773,5043960.81072015
1285,0,299646.04835451,5042521.43216361
1286,0,299647.999266021,5042404.58922055
1287,1,299656.391793916,5043476.10059104
1288,0,299656.832742377,5044301.08394923
1289,0,299665.900545348,5042320.08098352
1290,0,299670.362569313,5041138.18529578
1291,3,299673.014823673,5041649.57554731
1292,0,299674.889793822,5043857.09769062
1293,0,299676.944094312,5040490.18443065
1294,1,299678.304180756,5042385.08442704
1295,0,299679.40098388,5042455.58745078
1296,0,299681.049858397,5040217.24760551
1297,3,299682.199983838,5042518.58325718
1298,0,299685.110855882,5041703.07773525
1299,0,299686.35155093,5044019.39957879
1300,0,299688.776373447,5042572.66527643
1301,1,299691.005004526,5040480.44757359
1302,0,299691.110313885,5041729.57647577
1303,0,299695.435573109,5041187.30437392
1304,1,299702.0928077,5043543.59919013
1305,0,299702.810645497,5041778.57797069
1306,0,299704.558076716,5040106.46973006
1307,0,299704.738203144,5042656.90232828
1308,0,299708.608907726,5042292.08465331
1309,3,299712.685698879,5043913.60037769
1310,0,299715.31154809,5041833.07920736
1311,1,299719.155402625,5040461.66557105
1312,0,299723.500202196,5040277.65282975
1313,0,299724.95289104,5042746.19579293
1314,0,299728.187455683,5044084.1010179
1315,2,299729.377416479,5041238.7679087
1316,0,299735.687336915,5040981.16913128
1317,1,299737.864428314,5040596.82685082
1318,4,299738.211602077,5041903.58277426
1319,0,299741.999136998,5042827.93067475
1320,0,299747.619090775,5041087.57553466
1321,0,299748.591792619,5043611.59437244
1322,0,299750.954029594,5040587.76624714
1323,0,299753.735045065,5043974.91391291
1324,0,299754.811327293,5041944.0817815
1325,0,299767.791909796,5040427.39524186
1326,0,299771.89063462,5043596.09350237
1327,0,299776.514589129,5040569.60690233
1328,2,299777.303156434,5041999.57769142
1329,1,299783.226455741,5043013.61847647
1330,0,299783.667667832,5040258.47557466
1331,0,299783.760515469,5040644.39107631
1332,0,299786.658323696,5041062.14424629
1333,0,299786.893550079,5041575.86578991
1334,0,299793.613329405,5041195.92108022
1335,0,299796.550446261,5040700.23583963
1336,0,299797.203938197,5042307.91031761
1337,0,299798.693734499,5044039.59720615
1338,1,299801.71038075,5042056.08127215
1339,1,299806.747157045,5043116.2505973
1340,0,299809.700412221,5040691.60822753
1341,1,299813.119834264,5041107.57414874
1342,0,299824.705156793,5042111.07976564
1343,0,299826.200925074,5040536.45490636
1344,0,299826.387898443,5043678.10083526
1345,0,299828.081613503,5043212.16928881
1346,0,299828.600243608,5042358.58803991
1347,0,299841.186468261,5044104.59865363
1348,2,299841.500341691,5043273.99725936
1349,0,299841.995249061,5040376.14656856
1350,0,299845.626515738,5041159.57273403
1351,0,299846.101374033,5042165.58533196
1352,0,299847.22978502,5041535.60318966
1353,0,299853.561961155,5041681.53952199
1354,0,299857.202021278,5042558.08998637
1355,0,299857.393995605,5043345.21352427
1356,1,299858.108943653,5042193.08777793
1357,0,299863.228498313,5040415.74518049
1358,0,299866.718019594,5041275.57129013
1359,0,299875.911858884,5043429.35707017
1360,0,299878.223088615,5041211.57541622
1361,0,299878.784981909,5044166.1055364
1362,0,299879.54041713,5042593.41675103
1363,2,299881.908002174,5042251.08469109
1364,0,299888.773825036,5041346.59652422
1365,1,299895.693333195,5043516.07967738
1366,0,299896.896424939,5041504.2111092
1367,0,299900.122427361,5040485.90377536
1368,0,299901.322865465,5041249.07778742
1369,0,299901.746480843,5041849.33114456
1370,0,299902.513322544,5042631.0737833
1371,0,299904.675882781,5040871.43231168
1372,1,299905.90818027,5042307.07953634
1373,0,299907.072286408,5041334.33061944
1374,0,299908.201761251,5041045.41738638
1375,0,299908.67480781,5041404.71605165
1376,1,299917.934791612,5040862.60951274
1377,0,299919.103183646,5042517.08773015
1378,0,299919.171547875,5043617.44939876
1379,0,299921.960490093,5040258.15298726
1380,0,299927.306329999,5042357.58279703
1381,0,299930.478885004,5040543.59783803
1382,1,299931.131577272,5041898.90663066
1383,0,299933.518691549,5042792.24171494
1384,0,299934.384969676,5043683.60175906
1385,0,299938.428497214,5040365.90259833
1386,0,299939.920997501,5041312.57015824
1387,0,299943.328305951,5041094.81340876
1388,0,299945.460377686,5041019.97514469
1389,0,299946.604876295,5042404.08821444
1390,0,299948.986996364,5043751.09719805
1391,0,299950.561832324,5041467.39744484
1392,0,299952.328615889,5040393.15056358
1393,0,299956.023896814,5040593.33850039
1394,0,299956.581013998,5040952.10957611
1395,0,299957.399476501,5042794.08801855
1396,0,299962.301899875,5043016.5877561
1397,1,299962.840029909,5041609.76172811
1398,0,299965.658627725,5042588.45703212
1399,0,299968.685945942,5043838.09639701
1400,0,299969.034664808,5040382.3452426
1401,0,299969.457320676,5041947.70792907
1402,0,299969.787726515,5040943.55455701
1403,0,299971.748002909,5042015.9436062
1404,0,299972.022465342,5041363.57976943
1405,0,299973.885923335,5040435.7456834
1406,0,299977.390653274,5041072.10755712
1407,0,299977.4154234,5042476.89287232
1408,0,299978.838597723,5040628.0861011
1409,0,299979.700734207,5041147.39797805
1410,0,299980.133337364,5040375.16672181
1411,0,299981.400430723,5040996.24401281
1412,0,299987.934618921,5041653.56865577
1413,0,299989.192382978,5043925.60265006
1414,0,299989.514536188,5040369.09904746
1415,0,299991.905181578,5040423.54094039
1416,1,299994.880840478,5040987.39124658
1417,0,299995.753292576,5040429.87228058
1418,0,299996.230179307,5040927.56651203
1419,0,299996.8112591,5041587.08166204
1420,0,300000.07633084,5041184.51629408
1421,0,300001.597045289,5040417.39880966
1422,0,300001.988527374,5040708.49637244
1423,0,300002.112230667,5041998.21258186
1424,0,300002.309191717,5042064.08169613
1425,0,300004.035443004,5040492.48973747
1426,0,300004.966385202,5040424.00880617
1427,0,300006.865361837,5041545.75346032
1428,0,300006.956307974,5041341.95412255
1429,1,300007.484655859,5041724.02983629
1430,0,300009.285949973,5044002.60364528
1431,0,300010.360109789,5041428.40113497
1432,1,300011.293230033,5042559.26280152
1433,0,300012.313963095,5040414.72933062
1434,0,300013.628919426,5041047.97972076
1435,0,300015.4060347,5042452.08399975
1436,1,300018.611042445,5042087.5868068
1437,0,300019.795265833,5043156.59664522
1438,0,300024.529601415,5040548.56465062
1439,1,300026.316454798,5041712.57861431
1440,0,300027.655350199,5041039.22181749
1441,0,300031.400522563,5041834.03348728
1442,0,300032.142138869,5041253.25494608
1443,0,300037.423834851,5040487.68407615
1444,0,300039.803918031,5042343.08592958
1445,0,300040.434852122,5040586.06991012
1446,0,300041.642508506,5043534.81330617
1447,0,300043.203608091,5042632.08750642
1448,0,300044.119046996,5041556.07256608
1449,0,300044.649604634,5040778.7972139
1450,0,300046.661799766,5043687.18588802
1451,0,300047.281056369,5041407.08595317
1452,0,300047.605464248,5042430.08368804
1453,0,300050.190936022,5043311.59357973
1454,0,300052.409797341,5042137.58315974
1455,1,300058.291922086,5043213.09082397
1456,0,300064.239151515,5041957.74101744
1457,0,300071.387290817,5041139.00926198
1458,0,300072.268516493,5043580.87350352
1459,0,300074.321869416,5040760.43451392
1460,0,300076.028677683,5041536.0404165
1461,2,300079.998188668,5042712.58889238
1462,0,300081.20105073,5042407.08620458
1463,0,300081.644361164,5041983.6076812
1464,0,300083.721817339,5040656.02891984
1465,0,300084.326695399,5041129.07123983
1466,0,300085.118625131,5041800.02378843
1467,0,300086.307494626,5042189.58524132
1468,0,300090.197127699,5043109.09640999
1469,0,300091.224767687,5040865.56584525
1470,0,300092.215953888,5043757.47951128
1471,0,300095.492603782,5043382.59599972
1472,0,300096.456244325,5042501.36715482
1473,0,300101.392758088,5043276.59855961
1474,0,300103.51894187,5041207.18052552
1475,0,300110.31729707,5041367.07614493
1476,1,300112.085591889,5043643.1013761
1477,0,300114.621272583,5040911.06639712
1478,0,300115.100460856,5042234.58109061
1479,0,300116.895394259,5042792.59466849
1480,0,300117.944631671,5041852.26719874
1481,0,300118.274782239,5041197.56523073
1482,0,300119.004615236,5042383.08931704
1483,0,300127.692974221,5043165.59507838
1484,0,300127.831748496,5040723.07359191
1485,1,300129.919756978,5041354.07902416
1486,0,300136.017587829,5041258.25815282
1487,0,300136.859196022,5043827.56162811
1488,0,300138.012341457,5041637.57859368
1489,0,300138.40337914,5042475.58743838
1490,0,300140.472111337,5042275.37891586
1491,0,300142.428485007,5040966.0731113
1492,0,300148.094534899,5043463.59634744
1493,0,300149.768050527,5041903.01414987
1494,0,300150.624103966,5041248.62605587
1495,0,300152.567539311,5042287.96622688
1496,0,300153.344158558,5040705.97261566
1497,1,300157.301920034,5042886.08823729
1498,0,300157.796611277,5040714.78022985
1499,0,300165.015603497,5041678.58052333
1500,0,300165.199633921,5040699.78949528
1501,0,300166.673087683,5041928.87806428
1502,0,300167.695998762,5043232.09385796
1503,0,300167.919381649,5040704.33988833
1504,0,300169.001005608,5042455.58553628
1505,0,300171.121860961,5040698.11572259
1506,0,300174.27391897,5041470.33489046
1507,0,300177.438528253,5041320.84818371
1508,0,300179.198385626,5042918.5932088
1509,0,300179.277932435,5043509.94200457
1510,0,300182.54797153,5042539.02223456
1511,0,300182.975842728,5040803.59778213
1512,0,300184.018883441,5042338.3161615
1513,0,300184.394977429,5040689.39719547
1514,0,300190.423405972,5041060.57098985
1515,0,300190.472812562,5041310.14398771
1516,0,300191.597283366,5040701.34807528
1517,0,300194.520600615,5041972.66012101
1518,0,300195.071079065,5040682.3845333
1519,0,300195.815054558,5041728.08012017
1520,0,300196.917536815,5043537.04032306
1521,0,300201.500358701,5043115.59799594
1522,0,300207.219033353,5042961.43282629
1523,0,300210.581233203,5040776.55591431
1524,0,300211.901022609,5042521.08502734
1525,2,300213.204223019,5040846.06691665
1526,0,300219.66283613,5043573.10620011
1527,0,300224.621159874,5041129.07627502
1528,0,300226.336336382,5042024.89765297
1529,0,300228.132953205,5040836.16932313
1530,0,300229.512543329,5041780.08293337
1531,0,300230.858924707,5040768.07223309
1532,0,300232.168149963,5040833.51114282
1533,0,300237.569959459,5040843.18236022
1534,0,300238.232558349,5043010.19209061
1535,0,300241.339117838,5043180.20810282
1536,0,300241.429768044,5040827.41006466
1537,1,300245.92354998,5041425.30336063
1538,0,300247.358435233,5040837.18353799
1539,0,300247.408605995,5042297.5816447
1540,0,300247.508817713,5040897.25652899
1541,0,300252.168850444,5041182.7504464
1542,0,300257.739576074,5041417.84575984
1543,0,300258.238990638,5040816.33701241
1544,0,300258.409914137,5042076.08627135
1545,0,300259.161402077,5042819.69582092
1546,0,300259.647143933,5042592.89860776
1547,0,300260.707836283,5041828.57992475
1548,0,300261.949637903,5040813.89262863
1549,0,300266.308628527,5043644.25985135
1550,0,300268.053283408,5040898.53083212
1551,0,300268.597633988,5043381.10083892
1552,0,300273.828260553,5040806.06760231
1553,0,300274.513217135,5042340.09925797
1554,0,300278.27426835,5043068.57752737
1555,0,300279.388032643,5041449.63871046
1556,0,300280.40748072,5042850.44012676
1557,0,300286.52192299,5041248.50116252
1558,0,300289.909823946,5042125.58780247
1559,0,300292.252485956,5043683.26290173
1560,1,300293.425448061,5040992.57038303
1561,0,300294.902278182,5042372.08528555
1562,0,300299.035041813,5040728.56639465
1563,0,300304.399789016,5042789.09258619
1564,0,300304.983813152,5041490.12629645
1565,0,300306.202730775,5042893.58877623
1566,0,300307.504680872,5041900.58015048
1567,0,300307.503595062,5042665.58775519
1568,1,300309.558534544,5041524.63508536
1569,0,300309.758773585,5041034.30772143
1570,0,300311.934590823,5043714.07634959
1571,0,300317.893402441,5043130.09570563
1572,0,300320.849770987,5043456.8119512
1573,0,300320.873026609,5041516.98456813
1574,1,300321.217062147,5041067.94866704
1575,1,300323.305620913,5042176.08609749
1576,0,300325.779868336,5040773.92893249
1577,0,300326.961238085,5042781.6631808
1578,0,300335.919130741,5041565.02737981
1579,0,300337.704745452,5042437.08996698
1580,0,300340.684428731,5042942.21550376
1581,0,300341.246301737,5041950.29360448
1582,0,300342.081327089,5041124.69096031
1583,0,300343.738986542,5043491.4734589
1584,0,300347.010257019,5041029.92775984
1585,0,300347.27129614,5041557.42860164
1586,0,300348.089740334,5041359.18569547
1587,0,300352.996118042,5040948.01038325
1588,0,300355.455724998,5041022.21686527
1589,0,300355.607550581,5041767.57498356
1590,3,300356.086904667,5042224.47518956
1591,0,300356.316022539,5041044.22922895
1592,0,300357.50189139,5041025.77165876
1593,0,300360.400874365,5042745.59045956
1594,0,300364.819585207,5041038.4846475
1595,0,300366.790393587,5043200.59100714
1596,0,300368.517703554,5041392.07382512
1597,0,300369.454152108,5041615.98208598
1598,0,300370.904154629,5041012.55300092
1599,0,300372.629616578,5042852.30170889
1600,0,300373.025697616,5041016.19153588
1601,0,300373.673032637,5042000.75777679
1602,1,300374.355081027,5043538.41367146
1603,0,300375.350076375,5041192.50360374
1604,0,300377.802177759,5042260.0836561
1605,2,300379.934858041,5041608.84398414
1606,0,300380.032110304,5041028.20782672
1607,0,300385.902967435,5042509.0841187
1608,0,300387.17611605,5041006.78336453
1609,0,300391.563134427,5041003.60632944
1610,0,300394.106340206,5041018.69998122
1611,0,300394.618680949,5041431.57373681
1612,0,300395.63095625,5042759.70992659
1613,0,300398.795598825,5041015.53215273
1614,0,300401.196895299,5042806.09133765
1615,0,300401.59802283,5041668.70466217
1616,0,300402.293769923,5042900.589299
1617,0,300404.103475703,5042299.5828869
1618,0,300404.106095346,5043584.13382766
1619,0,300405.063136449,5042049.153594
1620,0,300405.416761629,5040942.52902012
1621,0,300406.377498301,5042731.98119372
1622,0,300407.310052335,5042191.42250024
1623,0,300411.769418039,5041049.07188886
1624,1,300413.656035217,5041458.51508507
1625,0,300418.652561925,5043443.33757223
1626,2,300420.193539425,5043279.59633032
1627,0,300423.144763688,5042711.36039965
1628,0,300426.066326603,5041160.46873871
1629,0,300429.80552414,5041150.19243809
1630,0,300432.293515706,5043382.09949359
1631,0,300432.802873588,5041717.65228788
1632,0,300433.161957704,5041155.86054958
1633,2,300433.001906144,5042582.58926406
1634,0,300435.509134552,5042101.58898493
1635,1,300439.316774625,5041497.57473449
1636,0,300439.42784684,5040988.07187641
1637,0,300440.759177248,5041300.13074916
1638,0,300446.50291248,5042365.08949853
1639,0,300448.374084868,5041145.39027294
1640,0,300452.23154873,5043047.6689403
1641,0,300454.138366443,5042798.19202938
1642,0,300454.355669027,5041139.51151068
1643,0,300456.022419856,5043418.54022061
1644,0,300456.723706034,5042265.73315721
1645,0,300459.476987823,5041733.76409967
1646,0,300466.909252992,5042151.08594634
1647,0,300467.116917205,5042871.24666595
1648,0,300468.709257202,5041422.8650202
1649,0,300470.794292887,5043246.59511851
1650,0,300473.215386382,5041547.57533575
1651,0,300475.509707777,5042253.08902573
1652,0,300477.939005586,5041789.42680729
1653,0,300482.185430814,5041238.64798024
1654,0,300483.087295995,5042838.44214455
1655,0,300484.088471638,5041271.89248348
1656,0,300485.746708548,5042872.16372149
1657,0,300488.896639908,5042667.09083616
1658,0,300489.763681375,5041781.1190453
1659,0,300495.394641028,5043115.09172983
1660,1,300495.60620008,5042438.08531645
1661,0,300496.082175299,5041264.18693321
1662,0,300497.292087405,5041229.03356997
1663,0,300498.447477812,5041107.48563602
1664,1,300499.47646464,5041394.94611975
1665,0,300501.70157861,5042930.59462383
1666,0,300505.310116964,5041404.40691592
1667,0,300507.670509338,5041135.27148097
1668,0,300509.2318332,5042906.0416673
1669,1,300510.246812414,5041841.40641353
1670,0,300511.394005466,5041254.34959852
1671,0,300516.504474401,5042225.58492782
1672,0,300517.905087793,5042317.58479348
1673,0,300523.294259354,5041832.61391097
1674,0,300527.615355832,5041439.5817156
1675,0,300535.718312841,5041204.57776175
1676,0,300536.703737402,5042741.08849963
1677,0,300542.30021848,5042865.58931437
1678,0,300543.310853869,5041889.51803677
1679,0,300544.703191352,5042510.12027603
1680,1,300547.621545986,5041231.07462505
1681,0,300550.891332857,5041370.66235926
1682,0,300555.552652649,5041881.27925879
1683,0,300554.999245329,5041379.51393807
1684,0,300556.511640794,5041671.57536743
1685,0,300558.975929125,5042090.55229856
1686,0,300559.472216228,5042289.81651666
1687,0,300560.117828616,5041490.57944367
1688,0,300565.194672046,5042784.58977102
1689,0,300567.209149178,5041362.95529014
1690,0,300571.009288004,5041371.49331765
1691,0,300581.64007797,5042324.71509602
1692,0,300584.85397511,5041933.36233418
1693,0,300584.911787363,5041652.58426667
1694,0,300585.21026772,5041713.58486845
1695,0,300595.828984734,5041925.03593777
1696,1,300596.722173671,5041354.08000493
1697,0,300596.884594158,5041469.76694827
1698,0,300599.799120021,5042594.58544636
1699,0,300607.524962259,5042165.83416042
1700,0,300608.321807883,5042363.11091486
1701,0,300611.154124284,5041461.68942157
1702,0,300616.615579567,5042824.6608015
1703,0,300623.209778226,5041767.58426556
1704,0,300626.488825512,5041975.18957066
1705,0,300636.345571727,5041455.11153779
1706,0,300637.594545927,5041967.72963566
1707,0,300639.916079645,5042343.19427373
1708,0,300642.118748476,5041613.57991512
1709,1,300646.605427948,5042668.5875675
1710,0,300649.192924721,5042912.0947787
1711,1,300655.925062684,5042437.84958503
1712,0,300656.090015087,5041815.77753723
1713,0,300662.512093786,5041600.02482606
1714,1,300662.877637541,5042023.46237172
1715,0,300670.260001325,5041517.75045479
1716,0,300671.411946149,5041658.57821228
1717,0,300674.603704116,5042545.09396778
1718,0,300675.010506235,5042015.41874591
1719,0,300675.216679087,5042710.10304353
1720,0,300677.301342112,5041590.19467926
1721,0,300677.676054092,5042262.71075667
1722,0,300680.484318987,5041596.36267882
1723,0,300687.118564338,5042417.72458641
1724,0,300700.621061445,5041574.69448212
1725,0,300702.305782643,5042300.90318229
1726,0,300707.314520838,5041713.58290002
1727,0,300709.903111307,5042521.59343785
1728,0,300710.325137904,5042097.00305309
1729,1,300721.690491193,5042088.89450673
1730,0,300722.587112755,5042785.01139474
1731,0,300740.065713134,5042220.41967284
1732,0,300742.34574423,5041760.02280224
1733,0,300745.598576794,5043063.59836649
1734,0,300749.498298929,5042375.43300016
1735,0,300753.243896776,5042162.09282702
1736,0,300757.103480744,5042839.59320908
1737,0,300757.708891282,5042597.38199423
1738,0,300764.721814584,5042154.14948904
1739,0,300765.507447545,5042259.01921988
1740,0,300774.390096017,5042196.13440331
1741,0,300800.900722843,5042236.09333411
1742,0,300802.709761696,5042459.31203546
