"CTNAME","PopTotal","HabKm2","PctFRev","TxChomage","PctImmigrant","PctImgRecent","PctMenage1pers","PctFamilleMono","PctLangueMaternelleFR","PctLangueMaternelleAN","PctLangueMaternelleAU"
"0001.00",2565,5554,16.374,4.95,15.028,1.67,44.528,27.941,85.404,1.972,12.821
"0002.00",3485,8955,16.499,6.371,13.043,2.099,45.042,29.282,84.334,2.343,13.324
"0003.00",6295,8507,16.918,9.288,22.898,4.404,37.99,26.316,74.183,3.431,22.386
"0004.00",3090,6894,18.77,10.193,12.739,3.185,43.925,25.61,82.73,2.303,14.967
"0005.00",3015,5341,17.579,9.309,13.036,4.125,46.395,24.528,88.663,2.03,9.306
"0006.00",4410,6805,13.039,10.86,19.626,4.556,34.586,32.773,80.738,2.307,16.84
"0007.00",5655,5186,17.595,9.226,20.796,5.31,41.459,24.092,79.818,3.091,17.182
"0008.00",3015,4841,14.594,7.932,12.54,2.381,41.638,20.859,88.384,2.862,8.754
"0009.00",3415,800,12.592,10.049,16.738,3.147,38.415,24.581,82.239,3.582,14.179
"0010.00",1430,1553,13.287,6.369,19.322,8.136,41.135,26.027,82.042,2.113,15.845
"0011.00",5780,4628,29.066,8.319,25.865,5.45,43.009,19.218,72.391,3.62,24.074
"0012.01",2500,10517,21,7.5,28.144,6.188,47.909,28.226,69.854,3.742,26.403
"0012.02",3875,9778,21.548,12.895,34.71,13.548,47.643,22.513,62.621,3.586,33.931
"0013.00",4825,4451,28.29,6.084,16.838,3.696,51.386,18.534,81.237,3.412,15.352
"0014.01",7410,8228,10.054,8.031,24.831,6.478,50.489,19.883,75.226,3.41,21.294
"0015.00",4010,10641,8.978,8.12,14.01,3.856,49.66,26.203,89.141,2.778,8.081
"0016.00",2210,4258,17.873,13.953,10.455,2.5,48.085,25.51,86.261,4.505,9.459
"0017.00",2145,9563,10.256,12.048,11.194,3.731,52.101,26.804,89.549,3.563,6.888
"0018.00",1960,5331,9.184,7.884,11.253,3.581,54.386,24.096,88.831,4.156,7.273
"0019.00",2300,6918,16.087,8.55,12.32,3.285,52.124,24,87.611,3.54,8.85
"0021.00",2870,6479,8.188,13.399,11.169,3.665,42.16,32.787,86.372,3.717,9.735
"0022.00",1480,8658,9.122,9.392,12.639,1.487,45.912,27.273,88.852,3.934,7.213
"0023.00",1265,3531,8.696,13.043,16.423,7.299,47.445,23.214,84.4,4,12
"0024.00",2625,9509,10.667,6.875,17.481,5.263,48.097,27.826,85.827,3.543,10.827
"0025.00",2840,12722,12.5,7.989,16.334,5.626,45.033,23.485,88.087,3.61,8.484
"0026.00",2570,14707,10.506,6.583,12.097,2.419,52.174,23.478,86.68,3.777,9.543
"0027.00",1630,17168,8.896,9.091,10.465,2.907,50,25,88.088,3.762,8.464
"0028.00",2055,13034,7.299,6.406,10.956,3.497,49.784,19.767,89.951,3.676,6.373
"0029.00",3480,8670,12.787,7.383,14.719,4.04,51.621,23.288,84.672,3.65,11.533
"0030.00",3070,10177,10.261,9.476,24.582,8.528,53.889,18.75,74.45,3.723,21.827
"0031.00",2530,9845,11.067,8.571,23.619,7.238,56.436,18.269,71.429,5.159,23.413
"0032.00",1605,13017,6.231,8.213,20.984,7.541,56.701,15.873,76.774,5.806,17.419
"0033.00",1735,11312,10.663,9.174,19.13,4.928,48.454,20,77.059,5.588,17.353
"0034.00",2555,11962,9.393,9.062,26.326,8.144,48.519,25.664,68.56,4.665,26.978
"0035.00",1995,10997,8.521,8.679,14.796,4.592,47.111,25.556,81.378,4.592,13.776
"0036.00",2015,10855,6.7,7.836,19.902,4.668,55.23,21.176,73.35,7.36,19.289
"0037.00",3335,6596,23.388,7.692,21.273,4.814,60.849,21.094,77.301,4.294,18.405
"0038.00",1920,9125,9.635,13.023,23.399,5.911,46.193,27.16,69.811,6.739,23.181
"0039.00",2015,4229,20.347,8.812,24.02,8.824,54.008,23.377,75.98,6.863,17.157
"0041.00",1635,6307,9.48,10.092,24.316,9.119,53.769,16.667,70.533,9.091,20.376
"0042.00",935,9116,12.834,4.878,22.826,8.696,57.025,8.108,74.194,11.828,13.441
"0043.00",895,2531,8.939,5.932,22.222,7.602,58.929,5.882,71.875,13.542,14.583
"0044.00",2015,14784,9.677,9.455,22.604,6.143,52.941,16.456,73.183,8.271,18.296
"0045.00",1390,11831,16.547,13.855,20.578,3.971,60,8.333,77.778,8.148,14.074
"0046.00",1995,12550,6.767,6.529,22,6.5,55.417,25.316,75.325,7.792,16.883
"0047.00",740,6245,4.054,8.411,28.571,9.74,40.26,25,76.224,5.594,18.881
"0048.00",2195,15652,5.011,5.28,24.027,8.467,48.148,18.681,77.209,8.372,14.419
"0049.00",1305,7950,15.709,8.571,17.343,3.69,58.896,16.667,75.875,8.56,15.175
"0050.00",1205,17074,18.672,8.871,32.906,7.692,53.957,27.451,62.069,9.483,28.448
"0051.00",1365,6381,10.989,5.851,27.536,9.42,55.152,12,74.194,10.036,15.412
"0052.00",1875,13467,17.333,11.65,25.815,5.978,55.656,24.615,67.196,9.259,23.81
"0053.00",1055,9783,25.592,6.618,35.16,9.589,67.333,5.556,70,8.571,21.429
"0054.00",1050,6984,14.286,10.227,31.019,9.259,59.854,8.889,63.507,10.427,26.54
"0055.01",4655,6361,15.145,4.085,29.097,5.351,52.743,11.789,58.667,17.556,23.667
"0055.02",820,624,32.317,5.556,29.53,4.027,38.043,7.273,60.248,19.876,19.255
"0056.00",1510,5240,31.788,9.22,53,5.667,56.915,15.278,31.65,12.458,55.556
"0057.00",1150,7896,39.565,8.065,47.982,13.453,60.274,14.286,33.068,11.155,55.378
"0058.00",1115,7371,21.973,7.826,46.377,12.56,65.563,12.195,45.794,9.346,44.86
"0059.00",1365,6732,16.117,10.577,28.92,6.62,54.217,7.018,59.925,13.858,25.843
"0060.00",1245,13624,29.719,22.222,46.899,0,54.31,39.623,29.915,4.274,64.957
"0061.00",670,3089,8.209,8.247,34.266,4.895,50.633,16,49.624,21.805,29.323
"0062.00",2410,2909,7.261,6.032,37.843,9.412,58.609,13,37.263,21.684,40.842
"0063.00",1065,2931,7.981,8.163,41.935,13.978,65,21.622,22.967,18.182,58.852
"0064.00",1745,7268,7.45,12.791,42.973,13.784,54.634,14.286,21.581,22.492,56.231
"0065.01",6880,50282,7.049,15.546,39.407,17.787,59.408,13.918,15.432,15.586,68.904
"0065.02",3605,24822,10.125,17.456,38.936,16.947,56.849,17.073,21.387,24.711,54.046
"0066.01",2935,12834,9.199,14.61,36.471,13.277,45.741,12.5,19.464,17.5,63.214
"0066.02",2165,11994,19.169,12.093,40.139,12.065,73.597,13.559,26.044,25.307,48.403
"0067.00",1810,12347,9.116,15.183,37.297,5.946,40.123,30.588,38.279,27.893,33.828
"0068.00",1875,11655,9.067,23.529,44.898,1.02,37.313,46.988,21.902,26.225,51.297
"0069.01",3715,8538,11.171,9.825,38.243,8.784,42.785,11.675,34.986,21.955,43.059
"0069.02",1465,5650,3.413,4.803,29.31,7.931,56.044,14.085,60.498,15.658,23.843
"0070.01",2000,7629,5,5.846,26.303,4.218,58.14,7.071,53.23,21.189,25.84
"0070.02",2980,8353,1.846,3.96,26.7,7.794,61.823,6.202,58.19,17.161,24.649
"0072.00",3555,1376,10.97,8.223,23.75,4.722,46.369,30.857,51.603,30.904,17.638
"0073.00",1840,5577,16.848,8.081,21.307,4.545,57.848,21.176,59.497,22.067,18.156
"0074.00",3565,8902,7.854,10.714,18.12,3.815,37.463,29.189,53.052,32.122,14.971
"0075.00",2785,9009,10.592,9.434,20.037,4.596,45.263,27.82,60.556,18.704,20.556
"0076.00",2895,7849,11.917,7.955,20.394,3.22,49.524,25.352,59.14,22.043,18.817
"0077.00",2750,6583,14.364,12.583,36.314,4.197,45.62,30.714,42.553,21.083,36.557
"0078.00",3950,10605,18.228,6.701,34.416,2.338,45.61,20.874,40.479,24.501,35.02
"0079.00",4585,7695,11.123,6.452,21.076,4.83,50.877,20,57.531,22.31,20.159
"0080.00",780,8663,5.769,11.364,22.156,5.988,35,16.129,45.333,37.333,16.667
"0081.00",3465,13179,5.195,6.238,19.54,3.592,55.213,14.094,54.97,27.108,17.922
"0082.00",2200,7335,8.182,8.714,21.171,6.081,41.553,30.612,54.632,23.04,22.565
"0083.00",3320,8043,8.886,6.904,16.914,3.709,44.068,23.952,65.831,21.63,12.696
"0084.00",2395,6954,23.591,11.194,23.395,4.762,51.128,28.704,60.304,20.39,19.089
"0085.00",725,604,9.655,13.514,19.549,1.504,38.235,32.432,59.286,17.857,22.143
"0086.00",3995,7580,19.274,8.207,18.905,4.229,45.585,20.69,69.962,11.28,18.758
"0087.00",3405,12979,7.93,9.577,26.923,5.983,38.291,30.168,60.676,13.518,25.653
"0088.00",3465,10262,21.068,7.887,15.843,3.634,47.568,21.053,71.449,13.177,15.227
"0089.00",4890,9299,15.44,7.795,27.607,7.15,42.116,21.951,57.783,12.9,29.318
"0090.00",4585,10528,15.485,8.333,35.062,8.343,40,22.176,49.604,11.438,38.958
"0092.00",5920,10603,19.764,9.333,27.787,5.152,40.787,22.186,55.212,11.042,33.834
"0093.00",3175,4319,12.126,7.629,22.15,6.678,40.717,25.61,65.971,13.804,20.225
"0094.01",6045,3372,12.572,11.934,42.534,10.738,42.399,30.07,19.014,42.958,37.94
"0095.00",1955,8825,12.532,7.473,24.869,5.759,46.479,19.753,27.419,45.699,26.613
"0096.00",2270,11764,10.132,9.556,24.628,4.883,39.631,22.936,29.954,47.926,21.889
"0097.01",6265,17770,10.854,10.36,49.082,15.802,49.165,22.373,18.776,34.619,46.605
"0097.02",3680,9349,13.995,12.366,49.113,24.557,51.02,19.76,14.551,30.1,55.35
"0098.00",5310,5120,17.702,8.958,38.006,4.233,32.962,21.918,19.764,44.641,35.595
"0099.00",5625,8136,20,9.594,37.411,4.255,42.095,22.105,27.027,39.609,33.364
"0100.01",4050,8845,15.309,8.81,43.317,9.777,37.568,24.186,20.132,35.789,44.342
"0100.02",3475,9777,12.95,11.382,48.867,12.04,30.175,24.737,18.295,35.194,46.512
"0101.01",4005,11330,22.347,11.765,54.614,12.389,40.274,27.184,13.889,36.376,49.603
"0101.02",3670,10233,15.531,11.732,53.053,12.619,33.441,32.642,18.421,36.55,45.029
"0102.00",4210,7139,15.796,6.299,28.775,6.897,39.043,20.444,34.198,41.235,24.568
"0103.00",2415,7251,15.735,7.865,22.153,2.277,36.818,11.905,39.52,43.013,17.467
"0104.00",2800,7372,17.321,6.709,25.26,3.114,29.204,12.162,50.657,33.959,15.572
"0105.00",3330,10980,15.916,5.191,29.122,4.931,36.129,21.547,42.925,37.361,19.396
"0106.00",1870,7875,25.401,7.772,31.421,7.65,40.437,19.588,42.462,31.91,25.377
"0107.00",1490,9600,10.403,11.413,42.857,13.043,51.25,25,29.758,32.526,37.716
"0108.00",3715,6588,26.245,6.047,27.075,4.49,32.822,17.857,40.544,38.912,20.68
"0109.00",2115,12682,13.475,11.952,37.857,6.667,41.706,20.588,32,32.75,35.25
"0110.00",3835,15620,9.126,10.494,46.488,16.603,45.385,22.778,33.333,23.75,42.778
"0111.00",6480,8645,16.975,9.038,48.843,6.096,37.39,22.727,26.678,31.317,41.839
"0112.01",5290,8390,9.168,9.387,52.768,9.225,24.571,23.077,9.459,34.407,56.133
"0112.02",4060,14695,18.719,8.955,65.418,12.609,43.127,25.269,11.44,26.649,61.777
"0113.00",5080,10258,11.614,9.654,53.113,14.883,32.867,25.1,32.558,19.556,47.886
"0114.00",1990,7028,16.583,8.37,43.544,8.608,31.034,18.447,37.433,28.61,33.957
"0115.01",2005,9163,16.958,6.161,44.643,11.224,33.14,17.308,45.867,21.6,32.8
"0115.02",5785,13547,21.003,11.594,50.821,18.755,55.556,17.2,41.667,11.866,46.558
"0116.00",6250,9746,17.76,12.166,51.6,12.8,41.779,21.505,37.822,16.038,46.141
"0117.00",4035,14921,16.357,9.535,64.484,17.884,24.917,21.429,11.326,21.133,67.541
"0118.00",4390,14453,10.137,10.776,56.79,13.917,25.079,23.786,17.215,23.038,59.747
"0119.00",6330,11003,9.321,11.672,63.665,14.929,28.601,26.837,10.933,22.4,66.667
"0120.01",5690,2161,8.172,7.763,57.143,14.376,39.851,19.728,25.88,18.078,56.042
"0120.02",1030,5195,33.981,5.208,37.379,2.913,32.222,9.836,20.202,56.061,24.242
"0121.00",1770,4593,18.644,5.78,44.353,11.295,25.547,18,52.395,11.677,36.228
"0122.00",6420,9640,11.449,16.099,63.318,17.679,43.898,27.622,24.958,14.89,60.152
"0123.00",6055,14756,10.735,15.106,50.784,19.653,45.847,19.847,42.857,9.61,47.446
"0124.00",5705,15081,7.975,16.751,51.664,18.214,40.927,22.222,38.252,14.568,47.274
"0125.00",6240,13115,24.92,10.019,44.391,10.331,36.329,14.007,32.973,31.312,35.714
"0126.00",1860,2494,11.29,18.357,23.67,7.447,38.547,16.176,73.523,7.332,19.145
"0127.01",5535,11391,13.55,15.734,37.625,14.506,53.456,17.647,59.905,5.524,34.571
"0128.00",3425,1133,28.467,9.474,34.964,6.906,42.655,11.475,25.948,40.668,33.384
"0129.01",3810,13397,27.428,9.836,39.668,7.398,52.252,11.299,25.82,35.109,38.798
"0129.02",3425,9548,21.752,18.276,38.438,9.495,56.028,15.574,24.275,30.076,45.496
"0130.00",2865,18667,6.457,20.205,27.491,5.842,69.458,14.286,17.75,33.919,48.506
"0131.00",3085,29492,13.128,16.667,32.397,10.744,65.375,14.634,25.828,26.656,47.351
"0132.00",4340,16251,21.889,15.222,30.654,9.529,70.261,14.844,38.58,25.444,35.976
"0133.00",2485,17080,9.457,15.182,31.828,12.526,56.207,13.415,47.589,23.899,28.302
"0134.00",1055,12264,13.744,6.429,22.33,7.767,49.194,7.843,63.768,20.29,15.942
"0135.00",1645,13661,16.717,5.479,24.189,4.425,43.275,12.658,60.815,20.063,19.436
"0136.00",2760,15204,7.971,8.403,28.096,4.806,46.441,12.389,50.373,25.187,24.44
"0137.00",1100,6035,14.545,15.556,29.557,5.419,55.556,20.69,45.291,30.493,23.767
"0138.00",1940,6963,13.144,8.235,26.546,2.577,45.146,17.808,39.674,33.967,26.63
"0139.00",3155,14314,7.132,7.209,25.988,6.231,44.242,15.278,61.248,17.241,21.511
"0140.00",1395,11817,11.47,4.945,22.837,8.304,39.706,13.043,77.256,9.747,12.996
"0141.00",1620,13510,7.716,6.422,27.434,9.44,42.236,14.865,76.025,12.618,11.356
"0142.00",1650,15008,12.727,8.021,25.466,5.59,47.368,19.737,66.978,13.707,19.315
"0143.00",2220,12847,29.054,11.787,22.272,6.459,62.544,13.58,71.245,12.446,16.309
"0144.00",3455,18085,13.314,8.784,22.337,7.988,55.501,11.765,69.941,13.49,16.569
"0146.00",2380,16828,7.143,9.317,24.274,9.544,56.294,12.621,76.087,11.304,12.609
"0147.00",2745,16319,8.015,8.011,22.404,7.286,50,13.953,79.851,8.582,11.194
"0148.00",1010,7086,30.198,8.333,22,3,30.526,18.75,84.653,5.446,9.406
"0149.00",3095,22401,11.793,8.592,24.959,9.788,50.142,14.062,75,9.804,15.359
"0150.00",2335,14185,11.135,8.254,25.673,10.352,55.273,25.263,76.497,6.652,17.073
"0151.00",2095,17899,12.172,4.93,19.56,5.134,46.903,18.478,84.541,6.522,8.937
"0152.00",1515,11108,7.261,6.075,16.287,4.56,50.867,18.462,83.729,7.119,9.492
"0153.00",740,2646,8.784,8.602,25.714,7.143,55.172,17.857,69.128,8.725,22.148
"0154.00",1145,9207,5.677,3.896,18.341,6.55,48.78,12.727,84.375,4.018,11.607
"0155.00",1755,16568,7.692,7.489,19.277,5.12,51.741,22.368,84.118,6.765,9.118
"0156.00",1920,13949,7.812,5.364,14.477,5.094,50.233,16.854,82.973,7.838,8.919
"0157.00",2110,13097,8.057,5.161,19.811,5.189,44.196,17.476,84.019,7.99,7.99
"0158.00",2020,14620,10.644,5.576,19.192,7.828,57.563,14.458,81.266,9.114,9.62
"0159.00",1940,15661,6.701,5.357,19.512,7.561,39.378,14.583,80.688,9.524,9.788
"0160.00",1720,14313,12.791,5.381,22.874,7.331,56.796,12.676,73.824,10.588,15.588
"0161.00",1935,13912,8.01,7.059,31.969,5.371,43.939,21.505,59.838,13.477,26.685
"0162.00",1565,16769,7.348,6.195,23.203,4.902,53.261,19.048,64.883,18.06,17.057
"0163.00",3095,15299,10.178,7.812,27.273,4.545,37.329,16.923,47.019,28.45,24.532
"0164.00",1285,18522,11.284,7.879,24.138,6.513,52.027,18.966,48.98,27.347,23.673
"0165.00",2455,16356,5.703,10.067,18.882,4.239,45,16.484,35.368,23.158,41.474
"0166.00",490,2087,5.102,3.175,26.667,4.444,45.455,16,56.25,22.917,20.833
"0167.00",2550,12412,7.059,7.837,25.568,6.061,39.827,21.93,44.928,24.017,31.056
"0168.00",2855,16777,7.356,5.208,24.584,4.067,35.683,13.675,35.009,22.442,42.729
"0169.00",2155,14637,11.137,6.038,22.222,3.382,32.821,20.37,51.659,26.54,21.564
"0170.00",2110,13355,9.479,7.5,26.392,3.39,40.67,20,51.605,21.728,26.667
"0171.00",4405,9120,21.339,7.155,26.533,6.689,55.009,18.041,70.901,11.726,17.372
"0172.00",2495,12595,4.409,9.315,26.613,8.669,58.71,11.34,70.807,9.524,19.669
"0173.00",1995,10695,7.018,5.594,23.961,8.068,53.07,11.628,75.773,9.536,14.948
"0174.00",2085,9071,8.153,4.778,19.617,4.785,55.328,12.903,83.744,6.65,10.099
"0175.00",1960,16473,6.633,3.61,17.91,7.96,48.585,14.286,85.64,5.222,9.138
"0176.00",1550,13610,5.806,7.009,17.208,3.571,46.286,13.158,78.176,11.075,10.749
"0177.00",1345,13610,5.576,6.701,16.412,5.725,46.667,15.152,85.227,5.682,8.712
"0178.00",2350,8396,5.957,5.899,14.8,5.6,49.811,19.608,84.348,6.957,8.913
"0179.00",3750,7534,7.333,7.5,15.65,5.438,52.874,20.833,84.396,4.206,11.398
"0180.00",3375,12778,8.889,9.809,19.757,3.647,52.231,24.832,83.283,3.191,13.374
"0181.00",4450,13298,11.124,5.253,17.292,5.006,51.738,22.596,85.057,2.529,12.414
"0182.00",2125,15411,11.765,6.415,13.882,2.588,48,22.549,89.1,2.607,8.294
"0183.00",2185,16582,11.442,7.216,11.233,2.203,52.227,24.762,87.385,3.44,9.404
"0184.00",2945,13444,11.205,5.014,15.63,4.202,46.753,23.448,85.069,3.299,11.632
"0185.00",5175,13165,11.401,7.155,17.493,3.304,49.365,24.194,81.719,3.656,14.526
"0186.00",4535,11711,13.01,10.586,26.007,8.052,48.466,27.928,73.295,2.5,24.091
"0187.01",2860,7839,21.329,8.982,21.716,5.079,57.941,17.355,77.617,3.069,19.314
"0187.03",4740,13324,16.772,7.9,23.448,4.497,48.824,24.896,74.92,2.68,22.401
"0187.04",5235,6804,17.67,7.038,18.97,2.86,34.511,18.272,81.752,2.439,15.808
"0188.01",2185,14439,11.213,6.204,22.045,6.591,47.391,21.698,74.882,2.37,22.749
"0188.02",2665,11656,12.383,7.77,31.434,9.007,48.399,20.325,72.287,3.488,24.419
"0190.01",3590,7912,21.17,6.971,23.164,4.802,43.646,17.895,71.162,2.726,26.112
"0190.02",3930,3768,49.364,5.538,11.667,2.308,46.813,9.607,85.677,3.097,11.355
"0191.00",6020,3559,21.927,8.507,28.821,8.14,40,16.719,68.24,3.348,28.584
"0192.00",2580,3310,44.961,9.774,20.236,1.965,34.468,18.792,75,3.373,21.429
"0193.00",2005,7578,15.96,9.735,25.49,5.637,37.838,19.266,75.192,2.302,22.251
"0194.00",7475,6183,11.371,8.302,24.883,4.615,28.222,23.113,74.791,2.577,22.702
"0195.01",3130,5679,39.137,5.902,29.384,3.949,49.221,16.234,65.189,4.105,30.706
"0195.02",5255,8761,22.455,9.382,38.79,6.151,39.232,22.744,54.171,4.22,41.511
"0195.03",4975,5614,20.704,9.815,36.898,7.033,35.698,19.636,48.669,6.816,44.622
"0196.00",3930,9707,16.031,10.127,26.275,9.02,48.762,21.875,71.768,3.166,25.066
"0197.00",4855,8146,17.405,7.255,33.233,10.373,46.57,20.426,60.065,4.461,35.365
"0198.00",4940,7641,16.093,10.309,32.446,10.645,44.877,21.811,65.89,3.496,30.72
"0199.00",2615,11618,11.855,13.249,30.214,9.747,45.353,24.627,70.08,2.209,27.711
"0200.00",4660,15180,12.661,8.982,35.992,10.493,44.737,24.215,63.737,2.781,33.37
"0201.00",6595,7031,23.73,10.26,32.827,10.34,50.509,26.23,67.143,2.932,29.925
"0202.00",4150,6752,20.482,8.92,23.077,5.085,54.167,22.632,74.632,4.044,21.446
"0203.00",2690,11311,12.082,7.485,16.794,5.534,50,19.847,87.902,3.403,8.885
"0204.00",2645,11262,10.775,6.522,12.452,3.64,51.916,20.472,87.091,2.89,10.019
"0205.00",2115,11959,12.53,7.287,11.055,2.764,51.304,14.563,90.625,1.923,7.452
"0206.00",2565,11051,12.281,7.5,13.433,1.679,48.519,18.254,88.446,2.789,8.765
"0207.00",3225,12610,14.264,7.732,20.896,2.388,52.101,22.759,75.68,4.16,20.16
"0208.00",2385,11974,10.692,6.013,15.462,3.815,49.421,20.721,83.153,3.456,13.175
"0209.00",5540,8336,16.065,7.069,26.107,7.38,49.834,21.318,71.324,4.566,24.11
"0210.00",3780,11581,11.243,5.566,21.279,5.222,52.834,19.186,80.215,5.114,14.805
"0211.00",2200,12466,11.364,8.202,15.991,6.532,52.174,15.306,84.475,4.795,10.959
"0212.00",2535,13074,7.495,7.123,18.908,5.263,50.181,15.517,82.8,6,11
"0213.00",2485,12988,15.091,4.956,17.206,5.466,50.186,14.912,83.299,4.33,12.371
"0214.00",2720,10723,10.294,7.202,23.173,5.348,45.552,17.5,75,6.25,18.939
"0215.00",2915,12458,13.722,6.878,21.528,3.993,52.599,18.462,76.007,7.18,16.637
"0216.00",2225,6878,6.292,6.369,21.219,4.966,50.8,19.192,70.302,11.137,18.561
"0217.00",2620,16130,10.305,8.286,18.266,5.535,48.276,18.699,72.125,11.111,16.569
"0218.00",3035,10834,8.567,4.623,23.181,6.599,48.961,16.429,67.295,9.589,22.945
"0219.00",2775,8879,8.829,4.961,31.376,5.872,48.366,17.293,58.052,13.483,28.464
"0220.00",5650,13462,16.903,12.738,51.855,9.593,48.393,20.243,26.771,13.063,60.166
"0221.00",5990,18233,15.776,14.722,57.262,10.768,41.481,22.42,15.48,13.612,70.819
"0222.00",3560,17899,17.416,11.437,57.104,9.337,35.57,22.826,13.699,12.633,73.516
"0223.01",3885,26862,12.484,15.341,60.966,13.185,29.392,24.227,11.48,12.172,76.349
"0223.02",3085,15805,14.749,17.014,59.33,12.281,31.933,24.359,12.238,11.364,76.399
"0224.00",5940,15690,16.414,15.768,55.086,7.328,35.908,22.145,13.411,12.331,74.167
"0225.00",1380,2120,16.667,6.548,32.89,2.99,37.795,22.222,53.558,6.367,40.075
"0226.00",3145,12849,10.016,5.569,20.292,4.058,42.32,18.987,77.011,4.433,18.391
"0227.00",1590,13716,8.491,4.369,15.741,3.704,39.744,13.58,80.456,4.235,15.635
"0228.00",1600,14177,17.5,3.349,18.712,3.067,41.509,16.049,76.282,5.449,18.269
"0230.00",1880,16336,10.638,6.324,22.812,2.918,41.579,16.667,74.451,6.044,19.231
"0231.00",1680,16238,6.548,3.463,17.251,4.386,45.143,19.048,74.847,7.055,17.791
"0232.00",3730,10236,10.858,6.667,20.568,3.383,48.058,14.211,71.806,7.778,20.417
"0233.00",2020,19448,10.644,5.904,23.697,4.976,53.017,16.471,69.845,7.216,22.938
"0234.00",2170,14536,16.129,8.547,33.01,5.825,55.02,14.444,64.455,4.502,31.043
"0235.00",1945,16669,8.483,5.396,17.143,3.117,43.478,17.204,81.627,4.724,13.648
"0236.00",1760,16350,12.5,9.607,18.611,3.889,48.691,18.75,76.453,3.779,19.767
"0237.00",3435,15755,8.588,5.882,18.246,3.253,40.805,16.763,81.409,3.148,15.592
"0238.00",2360,14472,8.898,8.581,20.896,5.33,44.033,15.517,77.391,3.261,19.348
"0239.00",4610,8507,11.063,10.072,34.292,10.619,50.905,18.75,65.819,4.425,29.867
"0240.00",3115,10129,17.014,13.871,39.512,6.829,45.955,29.252,55.987,4.045,39.968
"0241.00",2915,14150,11.321,8.28,40.44,5.245,41.418,30.282,49.094,4.348,46.558
"0242.00",6255,16888,13.03,10.898,38.689,8.153,42.786,25.51,54.362,4.027,41.695
"0243.00",3945,15482,11.407,9.524,44.302,10.499,36.842,24,51.535,4.005,44.326
"0244.00",2135,12154,11.241,8.949,22.299,6.897,42.857,23.364,76.585,3.171,20.244
"0245.00",2860,13023,10.839,7.859,26.481,5.749,48.397,17.518,73.561,4.676,21.763
"0247.00",2240,11601,7.589,5.724,16.968,4.072,47.034,14.563,82.339,5.505,12.385
"0249.00",4140,7811,15.942,8.145,30.817,4.703,49.065,22.727,63.106,3.975,32.919
"0250.00",4050,9035,14.444,10.256,39.277,6.265,41.316,24.02,55.67,3.995,40.335
"0251.01",3375,7107,32,13.174,45.317,7.855,37.255,27.528,43.598,4.421,51.982
"0251.02",2720,11512,11.765,13.287,50.269,13.465,40.081,25.926,36.576,2.918,60.7
"0252.00",5225,16058,12.919,11.553,47.56,11.675,36.703,25.681,42.813,3.08,54.209
"0253.00",3435,7498,10.48,12.5,48.212,11.016,34.256,25.424,40.37,4.622,54.854
"0254.00",4055,6606,13.933,10.723,44.166,8.908,40.327,25.98,45.609,4.325,50.066
"0256.00",3770,2046,12.202,14.972,52.738,8.79,30.375,33.673,34.274,3.808,61.918
"0257.00",4525,3403,14.586,15.222,51.717,6.652,27.108,33.333,29.277,4.096,66.506
"0258.00",5165,13055,8.035,17.284,52.338,13.532,22.161,34.457,35.654,3.165,61.181
"0259.00",5960,16080,10.235,17.1,52.768,13.926,30.388,36.364,40.633,2.986,56.38
"0260.00",2310,4261,11.905,14.414,53.88,11.752,23.952,32.773,38.747,3.48,57.541
"0261.00",2710,4306,14.391,15.849,50.738,9.963,31.308,32.857,35.882,3.922,60.196
"0262.00",4525,5894,14.475,14.318,55.498,9.44,27.326,33.333,31.116,3.919,64.846
"0263.00",4085,5431,18.972,12.022,46.803,6.996,35.673,29.717,37.042,6.152,56.675
"0264.01",5190,4239,26.493,7.598,22.156,3.693,35.408,20.548,74.376,3.455,22.169
"0264.02",4880,5350,16.906,9.8,26.537,4.816,49.035,22.266,67.627,4.369,28.103
"0265.00",4540,9396,13.326,7.011,25.055,5.629,41.761,21.834,70.295,4.195,25.51
"0266.00",3215,4268,17.418,9.487,30.521,7.055,46.429,22.222,65.645,3.871,30.323
"0267.00",6325,5619,15.257,10.031,49.762,7.698,33.959,22.388,31.102,7.966,60.847
"0268.01",6490,11168,26.194,10.287,56.489,15.725,45.933,16.871,35.425,5.083,59.492
"0268.02",5595,18481,11.349,10.185,63.234,17.344,29.002,19.333,23.985,5.029,70.986
"0269.00",4105,5320,11.084,16.21,46.191,14.148,44.675,24.873,54.463,4.14,41.527
"0270.00",4505,6636,14.317,5.743,28.924,9.641,50.52,17.674,69.77,3.678,26.552
"0271.00",3430,7177,15.889,7.656,17.476,4.022,38.39,19.149,78.176,2.691,18.984
"0272.00",3790,7515,14.908,10.023,36.985,9.665,42.818,23.438,66.111,2.639,31.389
"0273.00",4410,7747,25.51,9.862,38.426,7.407,47.153,24.091,57.692,4.072,38.235
"0274.00",3010,6281,19.934,9.123,42.275,6.452,39.114,25.316,45.664,5.487,48.673
"0275.00",3985,6421,17.691,9.286,35.272,9.282,47.619,22.613,65.405,2.872,31.723
"0276.00",5060,5709,16.008,10.662,32.905,9.783,47.233,23.81,70.643,3.008,26.349
"0277.00",3760,6724,31.25,10.486,33.641,13.984,49.612,24.022,67.822,3.19,28.849
"0278.00",4345,7371,14.039,7.563,25.29,8.237,43.095,20.276,77.327,1.909,20.644
"0279.00",4665,4971,38.478,10.699,23.89,7.082,52.2,16.143,77.044,2.167,20.69
"0280.00",4485,7596,13.378,9.725,33.637,11.859,43.165,17.333,67.911,3.967,28.238
"0281.00",3135,2890,26.156,5.099,19.213,5.354,38.832,14.62,81.413,2.765,15.668
"0282.00",6485,4927,22.822,9.81,48.419,12.413,36.679,20.896,45.238,5.008,49.754
"0283.01",3570,5869,27.871,8.841,54.521,7.26,25.092,17.073,18.502,9.545,71.806
"0283.02",2850,6072,22.807,12,53.532,10.409,34.855,19.355,25.235,7.721,66.855
"0284.00",3470,5961,23.199,11.421,45.134,7.757,41.026,14.444,37.231,6.923,55.846
"0285.00",5730,3795,28.36,9.945,46.859,12.565,31.416,20.333,45.811,7.843,46.346
"0286.00",5305,6706,11.593,14.024,57.642,16.226,29.517,19.557,31.32,10.44,58.342
"0287.01",6600,12302,9.621,13.761,57.154,20.439,46.809,23.906,41.399,7.637,51.045
"0287.02",4525,4089,22.652,9.179,46.797,6.298,31.322,17.227,34.647,9.849,55.388
"0288.00",1255,665,35.458,5,33.051,0.847,11.25,10.811,35.565,13.808,50.628
"0290.01",2650,2201,15.283,5.842,32.302,2.321,24.5,18.792,31.537,13.373,55.09
"0290.02",5725,3182,19.127,7.553,36.014,1.661,23.543,22.189,25.253,14.194,60.369
"0290.03",4170,6527,17.266,8.216,40.496,5.313,28.53,29.63,41.613,8.579,49.936
"0290.04",6890,2432,13.643,7.973,32.898,2.542,19.427,24.872,42.967,11.914,45.273
"0290.05",4725,2128,43.704,10.294,30.159,1.587,44.28,22.179,61.269,6.127,32.495
"0290.06",5375,5999,20.093,8.696,45.345,3.538,20.655,23.718,35.242,9.082,55.577
"0290.07",4120,7072,15.413,7.092,37.253,4.307,26.433,25.431,35.567,12.629,51.675
"0290.08",4020,3562,19.154,6.747,33.636,2.468,19.398,18.443,45.347,10.092,44.299
"0290.09",4900,4407,18.673,6.967,36.939,1.327,20.798,26.241,38.121,10.259,51.62
"0291.01",3915,3988,13.665,7.801,35.09,3.599,22.344,21.296,52.115,9.141,38.881
"0291.03",5285,755,7.947,5.107,22.042,2.29,14.566,16.118,54.734,12.525,32.742
"0291.04",4740,1479,7.068,6.475,26.653,1.889,9.524,14.498,43.965,15.282,40.753
"0300.00",2230,4318,28.7,9.881,25.408,9.557,51.587,18.269,59.639,13.655,26.707
"0301.00",4875,11627,14.256,8.764,27.447,5.752,46.286,16.116,59.405,14.346,26.142
"0302.00",2915,14134,7.719,8,20.883,7.64,45.603,19.565,64.789,16.725,18.31
"0303.00",2285,8672,9.847,6.538,20.843,4.213,47.6,25.688,64.84,17.808,17.352
"0304.00",3210,11845,16.355,7.799,28.076,11.041,49.57,20.755,61.75,15.721,22.528
"0305.00",3740,10667,13.503,8.909,28.287,10.757,48.681,15.957,60.494,14.54,24.966
"0306.00",2845,12760,12.654,7.372,17.668,8.379,42.951,25.517,68.488,17.304,14.026
"0307.00",3070,17683,8.143,11.529,18.571,7.143,39.936,28.289,62.248,20.638,17.114
"0308.00",2690,15468,8.55,7.647,12.165,3.936,37.778,27.857,67.625,19.54,12.835
"0309.00",1360,7296,13.603,5.882,14.76,3.321,33.871,24.051,68.657,19.403,11.94
"0310.00",3390,7920,12.684,5.181,10.21,3.003,37.188,20.879,67.431,23.394,9.327
"0311.00",3785,10591,18.362,9.007,13.061,3.166,46.287,26.738,66.942,23.829,9.366
"0312.00",3240,10566,17.284,7.331,9.752,1.703,43.827,23.03,72.54,19.365,7.778
"0313.00",3245,8162,16.795,6.831,12.21,3.246,35.197,22.826,61.807,29.635,8.716
"0314.00",2430,9440,18.519,6.716,10.794,1.426,37.931,22.464,60.797,28.092,11.321
"0316.00",2040,3582,21.569,4.184,10.591,1.97,27.647,11.765,69.347,20.352,10.05
"0317.02",7655,5889,27.694,9.738,39.644,11.544,42.268,13.103,51.155,9.511,39.334
"0317.03",4350,5290,18.046,6.796,32.24,5.656,41.149,14.683,64.846,8.789,26.366
"0317.04",7975,4766,18.495,8.95,41.442,14.608,34.868,11.816,49.806,10.155,40.039
"0320.00",4670,6894,17.559,9.145,19.412,3.882,36.385,22.656,57.93,23.458,18.612
"0321.00",2900,2664,13.448,10,20.641,2.669,39.711,27.097,58.169,24.776,17.056
"0322.02",3815,4915,18.48,7.018,25.733,4.4,34.731,19.139,47.534,25.068,27.26
"0322.03",4740,6290,25.738,9.39,25.514,5.189,43.644,23.6,37.874,32.115,30.122
"0322.04",2815,6173,46.359,5.535,30.375,2.048,43.273,16.447,36.851,27.471,36.013
"0323.00",2510,4029,29.084,7.664,23.346,4.864,40.756,21.805,60.455,17.598,21.946
"0324.01",4825,6996,16.477,12.903,40.309,12.99,37.089,25.292,39.344,25.464,35.082
"0324.02",2790,4155,15.233,12.681,40.975,7.401,31.878,22.819,29.602,37.571,32.827
"0325.01",3715,9426,18.843,12.034,45.908,7.628,26.117,27.014,25.811,35.966,38.364
"0325.02",6470,6627,19.938,9.416,40.495,11.283,34.539,26.239,29.213,31.541,39.246
"0325.03",3700,7926,20,12.216,41.883,5.184,30.565,25.728,24.352,31.556,44.092
"0325.05",6485,7103,27.525,10.015,46.415,9.098,37.171,17.297,31.194,17.164,51.642
"0325.06",4225,5460,20,9.422,35.253,7.873,35.844,15.768,34.158,21.287,44.678
"0326.01",2825,1113,17.168,10.294,40.301,5.853,29.646,24.841,25.933,33.582,40.485
"0326.02",3385,3116,15.214,11.141,40.851,10.213,39.49,25.568,45.568,24.728,29.86
"0326.03",4965,3764,16.717,10.928,42.5,8.229,27.559,26.199,22.139,29.412,48.342
"0327.00",4710,4319,15.287,10.547,32.911,7.806,36.627,23.506,43.709,24.503,31.788
"0328.00",1940,4384,11.856,20,50.653,12.533,35.625,37.113,24.518,20.661,55.096
"0329.00",3670,5835,12.534,9.572,32.555,7.005,41.176,24.352,50.215,24.75,25.036
"0330.00",5230,2542,11.472,12.066,27.125,4.489,37.684,28.309,46.393,30.361,23.347
"0340.00",5045,3687,16.947,5.72,23.588,2.874,19.459,13.851,19.067,60.207,20.725
"0350.00",2265,4049,31.567,9.302,26.269,5.077,42.857,17.699,23.256,49.07,27.907
"0351.00",4985,10816,37.212,8.274,35.181,7.359,49.355,17.121,19.068,51.801,29.025
"0352.00",2865,5867,30.89,6.028,34.965,9.615,40.221,18.831,19.237,49.74,30.849
"0353.00",2995,7232,18.531,3.679,19.016,3.115,24.464,16.168,22.822,59.582,17.77
"0354.00",3090,3813,15.858,2.97,16.447,1.48,13,9.77,24.415,59.699,15.886
"0355.00",1565,5093,23.962,5.233,23.511,5.016,32.09,12.791,29.667,51.667,18
"0356.00",2015,2006,19.107,5.116,23.691,4.738,10,9.402,23.077,52.308,24.615
"0360.00",1845,1295,20.596,3.723,17.213,2.459,13.71,9.434,73.867,10.667,15.467
"0361.00",1340,11908,26.119,8.73,33.984,10.547,45.522,15.625,68.605,5.814,25.194
"0362.00",2330,4442,18.24,3.704,17.256,3.742,23.952,12.295,64.348,11.522,24.13
"0363.00",4910,13230,21.385,6.608,24.644,4.582,42.41,11.161,44.281,17.209,38.615
"0364.00",3115,13310,5.618,9.677,18.586,3.618,26.425,14.876,24.5,20.667,54.833
"0365.00",3075,12398,12.033,9.329,24.96,5.564,33.992,21.569,56.271,13.729,29.831
"0366.00",2575,7267,15.728,5.102,27.495,4.708,29.557,17.647,71.486,11.245,17.068
"0367.00",4030,7360,26.923,4.018,32.278,7.595,31.884,22.973,74.052,9.716,16.232
"0370.00",6965,3880,17.947,5.511,28.428,4.235,21.01,12.368,18.731,58.955,22.239
"0380.00",4060,5306,28.448,9.091,40.98,7.646,38.056,17.273,14.508,47.927,37.565
"0381.00",5880,9992,22.364,11.213,61.257,20.221,33.535,20.952,9.565,29.043,61.478
"0382.01",3650,6282,34.247,8.088,41.135,6.95,32.526,12.371,30.506,39.398,30.096
"0382.02",4440,2843,18.356,5.479,40.183,5.137,16.271,13.008,27.091,43.463,29.564
"0383.01",2850,1652,34.561,11.232,40.722,3.952,27.751,15.789,27.726,42.144,30.129
"0383.02",8000,5312,37.188,9.064,42.349,7.308,39.662,14.066,19.844,47.105,32.986
"0385.00",1520,40958,41.776,7.843,39.604,7.261,54.737,21.25,14.041,50,35.616
"0390.00",1160,1130,14.655,4.167,12.033,1.245,49.194,29.825,72.414,17.672,9.483
"0391.00",1555,4906,23.473,10.795,13.174,1.198,49.398,23.684,72.185,17.219,11.258
"0392.00",1370,3129,22.993,11.184,19.531,4.688,48.299,22.535,71.875,15.625,12.5
"0393.00",6730,6457,13.522,8.367,20.267,4.083,39.498,26.446,62.846,18.077,19.154
"0394.00",3690,2745,13.279,7.674,18.094,4.42,42.246,28.866,67.133,17.762,15.105
"0395.01",2475,324,19.192,26.882,31.717,9.899,42.202,51.695,48.734,27.637,23.629
"0395.02",5995,8711,21.685,10.296,32.027,7.59,42.679,24.516,46.638,23.879,29.483
"0395.03",4580,7457,16.048,8.772,24.973,6.325,46.695,22.363,51.646,23.61,24.631
"0396.00",5675,3877,30.485,5.949,18.166,3.175,36.614,18.065,55.556,27.911,16.622
"0397.00",4035,3402,15.613,5.734,15.489,0.62,21.452,11.392,58.621,26.437,14.815
"0400.00",5235,3798,16.523,5.606,32.916,5.486,22.727,16.832,51.707,16.867,31.526
"0401.00",3115,3216,19.262,5.882,27.981,3.975,29.918,14.881,49.58,21.849,28.571
"0402.00",1685,691,16.024,5.789,46.884,12.166,32.857,16.129,27.445,20.189,52.681
"0403.00",5050,3834,19.109,6.875,36.436,7.822,19.83,12.5,42.728,22.267,34.905
"0404.00",4780,3337,24.268,6.962,36.088,7.218,22.222,13.158,46.703,17.363,36.044
"0410.01",5535,6354,18.067,10.983,50.316,8.401,25.542,19.269,30.176,12.207,57.52
"0410.02",5460,7152,38.37,9.977,61.581,14.522,42.007,17.726,34.023,8.281,57.786
"0410.03",1905,863,13.386,13.043,56.104,13.766,17.46,26.214,34.54,16.713,48.747
"0412.00",7115,4736,17.639,10.644,52.706,8.011,26.335,17.857,29.471,16.365,54.236
"0413.01",3865,4785,25.614,7.552,48.101,1.519,19.203,13.596,31.593,26.923,41.484
"0413.02",3800,4713,13.421,11.749,59.543,14.247,30,22.613,27.881,20.484,51.636
"0415.03",4195,16430,23.6,7.692,59.584,12.125,38.482,17.544,18.912,21.891,59.326
"0415.04",4640,9726,22.091,10.968,58.377,12.645,36.111,22.177,22.222,21.202,56.463
"0415.05",7815,718,9.149,3.868,37.94,5.182,23.457,11.724,28.727,19.129,52.212
"0415.06",7675,427,6.254,5.902,36.364,4.916,23.549,13.258,36.813,17.857,45.33
"0416.01",4050,4748,24.444,10.183,51.066,3.388,16.961,13.866,26.667,12.549,60.915
"0416.02",3070,2953,16.612,9.428,47.209,5.423,22.43,20,26.644,13.322,59.862
"0417.01",4775,7149,13.717,9.756,53.027,8.038,27.809,17.787,24.467,12.121,63.3
"0417.02",2860,7919,5.944,15.447,62.917,24.253,16,27.143,25.475,13.308,61.217
"0418.00",5905,4535,13.802,11.339,46.525,10.678,34.971,20.915,40.698,13.059,46.154
"0419.00",4745,12526,7.587,13.825,66.596,28.556,22.424,25.424,31.669,13.167,55.278
"0420.00",4690,5629,27.292,6.834,45.736,6.397,23.977,16.602,35.52,14.367,50
"0421.01",7795,18797,10.199,16.717,67.864,24.054,32.149,20.312,24.616,5.788,69.665
"0421.02",7505,13472,12.325,16.048,65.29,20.919,29.137,20.21,24.43,7.947,67.623
"0430.00",6450,3273,19.612,5.978,24.127,4.189,48.458,18.919,37.371,37.291,25.418
"0431.00",5405,2460,20.814,8.163,30.99,4.718,34.746,18.729,26.763,42.415,30.821
"0432.00",3155,2419,23.93,4.63,21.182,1.806,24.096,13.441,31.675,49.751,18.574
"0433.00",3565,231,16.129,4.515,25.578,1.769,23.827,17.476,25.146,51.608,23.392
"0450.00",7030,1870,30.725,5.735,20.824,2.132,35.913,13.827,29.08,53.858,16.988
"0451.00",6710,2018,20.045,4.507,22.653,1.118,30.853,14.854,21.522,59.108,19.293
"0452.00",6410,2031,33.229,7.078,29.384,6.391,32.477,20.222,21.72,53.79,24.563
"0453.01",5210,2638,15.739,6.441,23.121,2.284,18.063,14.148,20.299,55.224,24.478
"0453.02",4700,702,21.809,8.103,40,3.011,26.211,12.167,17.381,38.488,44.131
"0460.00",5300,1480,19.623,5.97,22.453,1.981,13.821,10.658,27.361,52.97,19.572
"0461.00",2860,1524,21.503,6.397,20.732,1.742,14.976,9.827,25.801,53.915,20.285
"0462.01",5040,2117,19.643,5.202,27.183,3.274,20.106,12.375,23.093,54.845,21.959
"0462.02",5825,1829,15.279,5.591,21.717,2.403,11.842,11.677,21.39,58.111,20.41
"0470.01",6955,1980,22.574,6.771,27.122,1.295,18.713,14.868,19.682,48.524,31.718
"0470.03",5155,2127,9.117,5.537,23.957,3.492,6.646,8.725,22.029,43.955,33.914
"0470.04",3645,2315,17.01,6.061,34.022,3.857,9.877,11.947,21.512,38.953,39.535
"0470.05",4180,1971,15.311,4.605,32.936,3.103,7.17,9.127,19.798,37.579,42.623
"0480.00",3715,616,24.63,6.983,25.841,3.23,15.356,8.929,22.541,54.508,22.814
"0490.00",2415,3508,18.634,11.232,13.655,3.614,46.667,21.622,36.266,44.85,19.099
"0491.00",2055,210,23.601,4.981,17.468,3.038,12.5,10,34.856,44.231,21.154
"0500.00",920,122,23.913,3.297,26.087,4.891,17.143,10.526,35.26,49.711,15.607
"0511.01",3195,2194,17.84,7.08,34.928,2.552,21.368,17.021,39.291,19.002,41.707
"0511.02",6205,4025,11.12,10.081,52.233,12.52,27.273,24.233,33.275,17.202,49.522
"0512.02",4385,2994,23.261,8.628,36.133,5.524,29.462,14.228,31.629,31.748,36.385
"0512.03",2505,3653,21.756,7.812,39.571,5.653,49.808,18.548,27.883,26.625,45.283
"0512.04",6650,3758,14.361,8.708,42.577,5.275,24.224,19.565,26.672,33.924,39.323
"0513.01",5215,4805,15.244,7.734,47.843,6.52,22.438,19.097,21.923,26.474,51.603
"0513.02",4225,3386,18.225,8.959,45.142,8.057,34.218,19.731,18.79,36.68,44.659
"0514.01",6930,3496,18.038,6.395,36.41,5.335,28.261,18.414,24.54,39.877,35.583
"0514.02",6235,3326,13.312,6.581,39.134,7.057,16.972,17.08,23.097,34.902,42.002
"0515.01",5920,650,8.446,6.577,36.902,4.352,15.897,13.174,27.322,30.839,41.93
"0515.02",4490,4818,8.241,8.712,37.513,6.324,17.881,18.8,25.592,32.82,41.588
"0515.03",3330,3446,12.613,8.521,38.947,6.466,18.376,15.464,24.013,36.809,39.336
"0515.04",3645,4368,12.757,8.168,38.219,10.137,18.992,19.231,28.213,33.53,38.405
"0520.02",7070,4364,17.185,8.907,47.205,1.84,19.388,21.535,18.294,32.975,48.732
"0520.03",3655,2462,16.826,7.945,49.723,5.125,21.012,19.617,15.317,29.897,54.639
"0520.04",4535,4279,16.097,9.221,48.799,7.533,28.242,21.457,15.485,32.151,52.364
"0521.01",4820,5734,17.842,7.13,38.256,4.615,28.796,23.985,14.686,46.637,38.677
"0521.04",4975,3549,18.794,6.679,31.073,1.923,16.905,12.371,16.876,51.258,31.866
"0521.05",4775,3546,14.764,7.646,31.038,2.331,14.286,10.465,14.551,49.781,35.667
"0521.06",5030,2298,21.869,5.039,33.66,1.963,21.622,11.186,14.603,48.36,37.037
"0521.07",3910,1900,26.854,5.486,39.323,1.693,10.317,11.739,19.421,41.185,39.394
"0522.01",3555,2902,21.941,8.639,36.477,3.329,20.455,11.374,18.209,45.373,36.567
"0522.02",3485,3207,24.821,4.835,38.865,5.531,25.362,14.851,19.97,42.027,38.152
"0523.00",2455,3219,18.126,4.651,41.483,2.004,12.346,10.49,18.478,41.957,39.783
"0530.00",5910,2662,17.09,7.026,34.576,2.034,18.632,16.332,34.775,28.198,37.027
"0540.00",3395,3892,25.184,11.08,33.532,12.221,45.536,29.885,40.708,31.268,28.171
"0550.02",3210,240,16.355,6.216,27.074,2.347,23.413,15.183,53.583,22.801,23.453
"0550.03",6400,1275,15.234,5.695,24.282,1.939,14.645,10.933,53.681,22.25,24.069
"0550.04",4780,1080,14.435,5.376,19.227,0.418,19.391,14.286,54.367,21.507,24.017
"0570.00",3715,303,13.997,7.824,8.883,1.48,37.176,30.5,87.534,3.973,8.356
"0580.01",4125,3519,16,6.438,11.256,1.422,30.749,23.554,86.148,2.43,11.543
"0580.02",3225,4005,9.612,3.874,14.884,1.395,38.801,25.789,86.349,1.905,11.746
"0580.03",3785,3502,15.324,3.972,7.398,0.528,23.077,16.878,91.363,1.08,7.557
"0581.01",5085,3870,24.287,7.79,15.437,0.971,23.821,24.172,86.194,1.959,11.94
"0581.02",3490,5216,14.47,8.596,14.015,2.044,32.026,29.442,84.831,1.767,13.402
"0582.01",6160,5322,24.107,7.221,11.769,3.247,39.57,24.128,88.567,2.071,9.362
"0582.02",5890,4657,19.27,8.644,14.628,1.967,33.647,24.852,85.469,2.666,11.866
"0583.00",3130,4226,18.85,6.158,15.276,3.15,30.534,23.497,83.47,2.946,13.748
"0584.00",6800,4251,19.265,6.479,10.956,1.25,38.665,26.882,88.412,2.333,9.18
"0585.01",1995,574,10.276,4,10.565,0.737,17.647,15.447,87.277,2.036,10.687
"0585.02",3620,645,31.768,6.928,9.943,1.136,37.5,21.675,89.079,2.105,8.684
"0590.01",5310,3552,16.29,9.04,31.297,6.861,32.045,25.172,69.813,2.557,27.729
"0590.02",3325,11082,10.977,13.49,40.03,15.71,32.971,30.286,61.987,2.524,35.489
"0591.01",2635,5409,16.698,8.136,31.676,6.077,30.189,15.972,67.969,2.93,29.102
"0591.02",4040,5898,18.812,7.317,33.207,8.46,29.483,17.778,64.817,4.666,30.391
"0592.00",7415,7743,16.521,10.519,38.679,9.434,34.747,21.574,58.68,3.945,37.303
"0593.01",4425,4246,68.927,8.451,24.11,1.493,53.069,10.569,73.69,3.669,22.642
"0593.02",4540,9359,19.273,12.018,33.587,8.152,37.879,23.207,61.547,4.103,34.467
"0594.01",2695,6735,19.295,12.088,42.066,10.332,44.737,27.338,54.672,4.175,41.352
"0594.02",7325,914,25.529,8.287,29.898,5.734,36.148,17.831,58.128,5.982,35.89
"0600.01",3935,5313,19.187,11.799,50.499,10.224,28.435,20.091,32.41,7.479,60.249
"0600.02",4140,10027,15.7,14.398,53.875,17.712,35.38,22.381,36.794,6.307,56.899
"0600.03",5670,8137,37.39,13.018,53.751,12.092,34.568,22.006,35.069,6.076,58.854
"0601.01",3285,10231,19.787,11.184,47.45,6.646,30.268,19.886,31.158,7.015,61.827
"0601.02",4460,10435,15.807,10.185,52.159,14.286,37.783,21.304,38.415,5.282,56.423
"0602.01",3795,7038,27.273,12.104,45.431,7.572,33.233,19.444,31.735,8.886,59.379
"0602.02",2870,4665,16.899,14.885,52.028,15.873,32.189,21.192,34.566,6.47,58.78
"0603.01",3500,6571,20.143,12.342,54.805,13.363,28.72,22.5,30.344,6.129,63.528
"0603.02",3895,6239,30.039,11.404,46.194,5.643,34.328,23.832,31.688,9.091,59.221
"0603.03",3530,9923,13.456,9.798,52.762,14.917,24.314,23.529,31.902,6.288,61.963
"0604.01",3230,3462,21.207,6.548,37.481,3.898,17.621,13.978,27.805,14.797,57.561
"0604.02",4490,13177,16.147,9.832,53.364,10.034,27.429,23.6,30.881,7.117,62.123
"0604.03",3040,6140,21.546,8.929,50.16,9.265,26.971,21.637,27.065,8.084,64.851
"0604.04",3470,4566,15.85,10.606,49.498,11.191,26.493,22.959,29.705,9.02,61.275
"0604.05",5225,8860,12.919,10.097,43.75,8.203,21.984,19.931,30.999,9.166,59.835
"0605.01",3485,2581,25.251,8.464,46.11,5.476,39.748,23.529,32.777,7.132,60.091
"0605.02",1995,3452,26.316,6.599,41.262,0.971,18.493,10.924,24.282,13.838,61.88
"0605.03",5895,5721,16.115,13.144,45.717,8.906,29.936,21.875,31.502,8.608,59.89
"0605.04",4910,3101,17.413,11.181,43.492,7.541,26.632,21.455,35.165,8.901,55.934
"0605.05",2170,3779,21.429,11.312,47.246,9.322,25.444,18.4,32.02,8.867,59.113
"0610.01",4535,4857,15.215,13.971,41.062,9.101,35.969,34.322,49.355,4.455,46.19
"0610.02",4450,9640,20.225,7.843,45.444,7.111,29.178,28.099,45.029,5.263,49.708
"0610.03",4990,6353,33.968,10.67,36.032,4.858,36.364,23.881,55.255,5.706,38.939
"0610.04",3625,18635,11.448,13.565,35.021,11.218,36.335,44.681,58.926,3.919,37.3
"0610.05",4405,11442,9.194,18.132,41.572,11.959,34.896,48.444,59.277,3.373,37.229
"0610.06",2745,8006,14.572,12.23,48.282,11.573,29.577,34.028,44.423,3.97,51.607
"0610.07",3290,5979,54.711,15.175,36.196,7.822,43.21,42.604,65.288,2.506,32.206
"0611.01",2820,3962,16.667,10.687,45.073,6.387,31.416,31.169,49.06,3.947,46.805
"0611.02",5530,9798,13.743,10.832,44.394,10.759,30.963,27.719,46.667,4.058,49.179
"0612.00",4630,6202,13.067,12.273,46.081,9.322,32.258,29.583,48.608,3.712,47.796
"0613.00",7285,7356,14.894,14.056,48.868,11.599,32.582,25.203,40.261,3.765,55.902
"0614.00",3440,7739,16.57,12,36.834,8.876,43.038,25.882,54.923,4,41.077
"0615.00",5545,9904,13.616,15,44.037,10.917,31.663,29.21,47.241,3.485,49.468
"0616.00",6415,8500,15.511,14.238,47.077,11.146,33.075,33.739,50.965,2.974,46.141
"0617.01",5415,5987,18.929,11.111,43.635,8.118,30.162,22.526,45.508,5.133,49.358
"0617.02",3905,5942,16.005,9.769,32.166,3.891,34.663,27.317,59.14,5.242,35.618
"0618.00",3335,6627,22.789,9.034,36.632,10.487,47.077,27.5,63.396,3.894,32.71
"0619.00",5250,9177,44.952,10.9,32.455,9.878,60.359,21.778,65.823,2.434,31.743
"0625.01",5915,1154,15.554,8.163,21.613,1.413,18.267,19.771,74.058,3.33,22.612
"0625.02",7540,3776,10.279,6.273,30.305,2.122,15.294,19.31,67.133,3.287,29.58
"0626.00",7180,678,10.515,6.943,24.304,1.811,19.246,17.317,62.064,7.703,30.233
"0627.00",5820,1133,28.436,6.891,17.025,2.923,39.305,23.438,78.314,3.424,18.262
"0628.01",4720,2676,17.161,8.142,20.616,2.125,28.535,23.358,68.818,5.252,25.93
"0628.02",3735,4574,15.261,6.888,25.433,5.859,31.013,23.364,69.134,5.168,25.698
"0629.00",3425,2887,22.628,6.322,27.047,0.877,22.556,14.634,61.633,6.934,31.433
"0630.01",3690,3060,21.545,4.615,29.364,1.894,14.176,12.108,58.051,6.073,35.876
"0630.02",5020,2272,28.486,4.389,19.403,0.398,19.792,11.974,64.037,8.709,27.254
"0631.00",7765,310,8.113,5.711,21.364,1.287,13.609,10.204,31.686,19.702,48.544
"0632.01",4950,3261,21.818,6.517,25.429,2.321,25.126,17.065,66.103,6.23,27.666
"0632.02",4810,2412,16.528,5.566,25.806,1.873,25.132,20.714,65.912,4.423,29.666
"0632.03",4620,1099,46.429,7.034,26.111,2.275,24.796,13.869,62.272,9.107,28.621
"0632.04",7160,3773,15.154,5.847,21.788,2.025,31.063,17.805,62.019,8.642,29.412
"0633.00",4850,2970,31.546,6.513,23.505,2.99,27.628,15.932,68.88,5.394,25.726
"0634.00",2965,3626,18.044,7.443,24.034,2.185,30.677,18.452,71.204,4.014,24.782
"0635.00",4570,4402,37.199,9.553,27.741,5.263,38.967,22.222,75.772,2.526,21.609
"0636.00",7240,3244,12.983,10.519,26.865,6.285,31.034,29.353,70.165,2.804,27.031
"0637.01",4980,3135,19.177,7.356,36.737,3.604,21.164,18.519,57.962,5.096,36.943
"0637.02",4215,2978,12.811,8.451,28.333,4.643,44.34,26.339,67.742,3.846,28.288
"0638.01",5510,6011,18.603,7.55,30.672,5.445,35.63,18.092,63.902,3.959,32.045
"0638.02",2100,4678,18.81,4.444,27.928,4.73,28.402,17.5,60.199,3.731,35.821
"0638.03",4285,6320,15.636,5.841,33.534,6.611,33.242,21.739,62.393,3.541,34.066
"0638.04",6330,7695,12.164,10.688,33.307,9.471,40.5,28.135,61.654,4.261,34.085
"0639.00",3565,2668,29.173,9.358,31.701,10.204,40.294,18.325,71.156,2.449,26.531
"0640.00",3830,4807,21.54,6.219,30.552,4.493,39.474,22.5,65.831,3.958,30.211
"0641.01",7575,5573,25.215,9.183,29.835,8.449,40.027,21.836,69.474,3.653,26.873
"0641.02",3425,2673,15.036,6.444,31.231,5.856,37.54,12.366,63.804,4.908,31.442
"0642.00",7300,758,16.37,10.395,33.265,5.407,32.401,21,56.944,6.067,37.061
"0643.01",5430,1711,9.484,4.466,29.338,2.683,18.182,10.032,46.979,11.209,41.91
"0643.02",6470,1771,36.553,7.358,31.671,8.551,47.479,14.247,60.449,6.502,33.05
"0643.03",5565,3591,16.352,12.329,40.611,9.524,36.345,23.333,43.503,8.662,47.738
"0644.00",1215,818,18.519,7.143,38.667,5.333,31,16.176,51.304,8.696,40
"0645.00",4820,3156,60.477,11.646,37.72,8.187,48.069,21.186,61.538,6.255,32.291
"0646.01",3510,6761,16.809,15.19,50.619,14.443,35.294,28.249,38.508,7.306,54.033
"0646.02",3820,6072,19.895,11.628,45.047,8.955,31.21,23.832,37.151,9.777,52.933
"0646.03",3445,6928,29.608,8.525,39.246,10.196,47.041,18.605,52.338,7.089,40.573
"0647.01",3000,9873,58.833,7.042,22.132,1.939,52.66,8.046,71.256,7.745,20.998
"0647.02",6980,4321,32.808,10.518,43.759,7.039,38.328,17.277,44.051,8.358,47.515
"0648.00",5225,4616,20.766,10.4,52.745,5.588,22.46,18.43,18.763,14.807,66.531
"0649.01",2630,1799,20.342,9.89,52.134,5.38,21.875,17.105,21.837,13.469,64.49
"0649.02",5435,4200,22.079,8.286,51.862,4.19,19.797,19.497,15.475,16.063,68.462
"0650.01",4470,5836,23.043,8.537,46.879,4.358,21.184,17.969,11.405,19.688,68.788
"0650.02",4035,5537,18.463,10.881,53.991,11.737,24.055,18.919,21.438,12.65,65.779
"0650.04",6760,3797,9.246,8.911,36.318,6.397,26.554,18.635,34.488,15.512,50.079
"0650.05",4030,4637,19.975,7.317,41.545,2.929,22.184,16.814,26.954,12.264,60.647
"0651.01",6310,2924,16.878,7.638,45.519,3.489,19.822,16.12,34.651,9.504,55.929
"0651.02",7655,1509,8.622,5.645,41.476,3.07,14.463,11.395,31.346,12.412,56.171
"0652.01",8030,2675,16.812,4.171,26.725,1.631,18.389,12.848,49.094,13.454,37.451
"0652.04",4250,3345,16,4.918,25.233,2.209,17.974,14.625,62.099,8.889,29.012
"0652.06",4035,1829,7.931,6.092,23.153,1.724,18.151,15.126,67.871,9.548,22.581
"0652.07",8870,922,9.921,5.714,25.817,1.973,15.702,11.891,54.352,11.249,34.399
"0652.08",5115,3445,6.549,5.743,32.182,4.344,13.166,10.954,38.906,14.964,46.233
"0652.09",4265,4111,7.151,5.894,41.57,3.002,12.791,12.34,26.23,13.745,60.025
"0653.00",950,1621,20.526,2.02,16.41,0,16.667,9.836,80.645,12.366,7.527
"0654.00",745,440,20.134,4.11,22.047,1.575,16.981,6.977,75.694,9.722,15.972
"0655.01",4070,2806,15.233,7.856,11.715,1.449,29.032,21.888,77.916,9.553,12.531
"0655.02",6565,2644,12.871,5.952,23.61,1.828,23.541,18.47,69.315,7.632,23.053
"0656.01",6545,1064,22.536,6.267,20.321,0.84,21.616,16.449,71.599,6.203,22.123
"0656.03",3930,1035,13.613,5.122,22.307,1.774,19.792,15.721,71.258,6.225,22.384
"0656.04",7210,3520,7.559,6.634,29.84,2.706,11.983,11.951,56.893,8.096,35.011
"0657.01",3685,1943,19.132,4.847,21.965,3.274,26.846,19.907,66.054,7.214,26.874
"0657.02",5805,3769,15.504,6.687,21.631,0.944,18.925,18.444,71.467,5.6,22.933
"0657.03",4510,2528,8.98,5.305,28.031,2.447,12.195,13.462,55.269,8.431,36.183
"0658.01",4305,3465,20.557,6.522,17.253,1.362,22.222,16.226,74.611,4.91,20.359
"0658.02",3170,3501,18.77,6.471,20,1.789,15.768,11.386,72.92,4.568,22.512
"0658.03",8115,1431,13.925,5.508,20.53,2.158,19.799,15.789,71.829,6.437,21.797
"0659.04",4620,766,4.87,3.791,20.95,1.08,11.409,10.943,70.416,3.487,26.209
"0659.05",7455,3146,10.597,5,15.55,1.944,18.613,14.831,80.385,4.129,15.348
"0659.06",3545,2003,38.787,8.5,11.193,1.178,27.148,16.268,85.547,4.167,10.286
"0659.08",6455,4680,9.76,6.29,24.337,2.496,20.469,18.717,72.559,3.632,23.729
"0659.09",3520,4033,3.551,6.702,35.764,1.964,7.653,9.783,50.379,7.739,42.033
"0659.10",3445,3164,6.821,5.025,22.674,0.727,6.436,8.995,69.546,5.124,25.183
"0659.11",6310,2593,15.927,7.143,16.878,4.279,28.039,21.127,79.855,3.787,16.277
"0660.01",5490,2740,8.379,5.997,25.319,1.366,12.121,12.422,62.535,9.177,28.193
"0660.02",5495,3894,17.652,6.303,25.569,3.731,23.005,19.632,69.011,5.228,25.76
"0660.03",7025,3388,15.089,6.258,17.082,0.498,22.885,14.214,54.098,14.456,31.446
"0661.01",9525,1680,10.814,6.327,22.441,2.896,20.31,18.182,74.387,4.523,21.035
"0661.03",4485,232,11.929,6.043,17.576,0.437,13.77,13.258,73.448,5.747,20.805
"0661.04",4625,4789,11.459,4.621,22.431,3.204,22.067,23.551,72.964,5.09,21.946
"0662.00",4780,165,18.41,4.51,12.62,0.856,23.181,15.493,85.926,2.646,11.429
"0675.00",5970,1564,40.787,7.202,4.271,0.503,44.444,14.912,94.799,1.594,3.523
"0676.01",3395,2205,24.448,6.4,6.214,0.867,23.105,16.908,93.539,1.909,4.552
"0676.02",2830,2166,25.795,4.564,5.415,0.542,17.699,13.115,93.023,1.789,5.009
"0676.03",2405,2055,24.948,6.867,10.46,0.837,15.676,13.548,89.895,2.105,8.211
"0676.04",3125,1852,24.32,6.452,7.063,0,14.043,10.945,91.935,1.613,6.452
"0677.01",5810,2559,28.83,4.553,5.508,0.688,28.824,16.761,93.889,1.569,4.542
"0677.02",5220,2392,25.862,8.63,7.354,1.146,38.417,24.51,92.836,1.355,5.712
"0677.05",4700,2250,14.681,4.143,13.163,1.592,10.217,9.278,89.424,2.304,8.272
"0677.06",8430,2986,6.762,4.284,16.083,1.602,11.861,12.936,83.303,2.324,14.373
"0677.07",3925,3886,11.083,4.709,8.549,0.259,23.602,22.634,90.206,2.062,7.603
"0677.08",7440,2981,9.745,5.178,12.925,1.599,20.652,15.982,90.232,1.503,8.265
"0677.09",4245,3369,13.663,5,8.206,0.938,18.96,16.73,92.372,1.549,6.079
"0677.10",4325,3148,20.925,3.394,9.408,1.045,21.637,14.925,89.492,1.501,9.122
"0681.00",3410,94,14.809,5.665,1.76,0.293,25.087,15.64,97.063,0.881,2.203
"0682.02",2375,196,22.947,7.197,3.158,0.421,33.488,19.424,95.736,1.066,3.198
"0682.03",7685,358,9.304,6.317,7.547,0.586,24.587,23.608,91.716,1.392,6.892
"0682.04",3400,2947,16.618,6.085,6.324,0.294,23.188,14.976,92.687,1.493,5.672
"0682.05",3000,3895,13.667,4.802,6.981,0.873,17.031,16.842,93.729,1.525,4.915
"0682.06",4820,2831,8.402,5.996,9.586,0.404,13.731,14.533,90.021,1.261,8.824
"0683.00",5915,2555,21.64,7.443,4.48,0.169,36.806,18.286,94.098,1.369,4.448
"0684.03",8915,521,11.049,4.857,13.012,0.337,20.858,11.798,81.839,3.563,14.655
"0684.05",5470,1379,12.797,4.615,9.141,0.64,15.5,12.463,90.287,2.868,6.846
"0684.08",5755,2080,6.69,4.748,8.094,0.783,12.01,13.018,90.901,1.695,7.315
"0684.09",3420,319,11.111,4.961,10.335,0,16.393,14.286,87.834,2.522,9.792
"0684.10",4030,983,12.655,6.55,9.582,1.229,22.115,16.667,89.924,2.267,7.935
"0684.11",4490,1229,13.029,5.029,7.865,1.124,23.229,18.113,91.742,1.584,6.787
"0685.02",4235,75,13.459,7.221,3.249,0.241,20.679,16.863,95.113,2.026,2.741
"0685.03",5785,750,15.471,4.463,5.776,1.034,39.748,18.96,93.576,1.736,4.861
"0685.04",3105,3438,11.916,3.733,7.282,1.133,11.659,13.776,95.588,1.144,3.268
"0685.05",4300,1519,18.721,6.794,3.877,0.342,25.217,19.841,94.541,1.974,3.368
"0685.07",5645,1586,9.832,4.044,4.242,0.181,13.625,14.159,94.614,2.244,3.052
"0685.08",9550,2685,15.707,3.467,7.306,1.192,24.55,18.815,91.692,2.548,5.708
"0686.01",5795,221,10.958,5.365,4.922,0.259,17.703,12.941,94.051,2.975,2.975
"0686.02",4075,1029,12.393,5.342,4.374,0.243,18.395,16.116,92.05,4.099,3.975
"0686.03",3340,1646,13.473,5.168,4.091,0.303,17.742,17.327,91.781,3.957,4.11
"0687.01",4425,1403,14.463,6.719,9.943,0.686,16.964,13.919,90.564,1.381,8.055
"0687.03",10190,646,9.078,5.057,11.727,0.442,16.255,12.435,86.767,2.857,10.376
"0687.04",4755,2736,19.558,6.876,8.212,1.247,19.565,16.554,88.519,2.682,8.906
"0687.06",5345,2029,10.571,6.231,6.383,1.018,25.229,20.625,91.437,1.808,6.66
"0687.07",5750,2890,12.435,5.718,7.92,0.957,14.593,14.167,89.973,2.307,7.631
"0687.09",3535,171,9.901,5.569,7.77,0.288,19.691,16.505,89.855,2.609,7.536
"0687.10",8795,400,7.959,4.767,12.109,1.535,14.576,12.821,87.733,2.558,9.709
"0688.02",2890,32,15.398,6.209,2.883,0.541,23.83,14.857,96.36,1.56,2.08
"0688.03",5165,2544,14.908,5.755,1.705,0.284,22.794,16.505,96.724,1.541,1.734
"0688.04",5590,3114,9.302,6.593,2.86,0.447,18.537,17.879,96.377,1.54,2.174
"0689.01",6790,2477,9.941,7.753,8.18,1.179,18.053,16.75,90.787,1.648,7.64
"0689.02",3680,2346,9.511,5.641,6.022,0,16.092,19.635,90.884,1.796,7.182
"0689.03",8100,2216,7.901,9.519,8.956,0.988,19.44,22.489,90.807,1.814,7.317
"0689.04",5630,177,8.792,7.727,7.317,0.958,19.202,18.012,92.549,1.885,5.476
"0690.00",7370,112,13.501,6.752,1.967,0.204,21.859,15.179,97.48,1.226,1.362
"0691.00",6210,2247,14.09,9.009,2.174,0.161,22.699,16.129,97.585,1.047,1.369
"0692.00",9220,142,12.961,4.794,2.767,0.38,19.192,15.636,96.776,1.038,2.186
"0693.00",4950,2195,27.475,9.32,1.314,0.202,39.014,22.727,98.225,0.789,1.085
"0694.00",7850,234,8.408,5.293,5.032,0.255,16.578,15.106,95.443,0.899,3.659
"0700.01",4550,3443,24.286,6.416,4.54,1.022,41.756,33.6,94.534,1.501,3.859
"0700.03",2715,1762,28.177,8.519,6.877,1.115,33.466,24.051,91.833,1.815,6.171
"0700.04",4520,2911,20.907,6.911,6.823,1.386,40.667,26.087,92.817,1.796,5.387
"0701.01",3280,1895,9.756,6.266,9.955,2.112,29.63,23.243,87.215,3.805,8.98
"0701.02",6235,2346,15.237,6.276,7.177,1.21,29.775,21.526,90.806,3.092,6.021
"0702.01",2545,1257,20.432,5.495,8.459,0.752,17.01,11.875,83.434,8.687,8.081
"0702.02",6805,1752,12.564,4.325,9.335,0.971,11.04,13.604,84.483,6.972,8.471
"0703.02",3800,856,23.026,5.425,11.34,1.418,23.701,10.345,79.812,11.306,9.017
"0703.03",4445,1432,15.073,6.967,9.851,0.458,21.212,15.385,77.136,11.432,11.432
"0703.04",5545,1710,15.96,3.852,9.829,0.631,13.123,11.712,75.372,14.219,10.409
"0704.01",4680,2656,16.667,8.036,5.567,0.315,38.344,26.996,88.357,3.917,7.726
"0704.04",4455,2483,11.897,5.395,10.093,0.348,18.373,18.819,85.452,3.207,11.111
"0704.05",6240,1278,10.737,5.789,6.811,0.481,18.75,16.935,89.811,3.04,7.149
"0704.06",1790,775,15.922,7.359,5.914,1.075,24.113,9.524,88.169,4.507,7.324
"0704.08",5150,353,5.922,7.062,13.327,0.888,15.917,12.971,48.3,6.1,45.6
"0704.09",4515,1827,9.413,4.444,7.291,1.523,24.665,23.616,91.011,3.034,5.843
"0705.01",3370,2130,18.843,5.149,6.452,0.587,11.336,11.468,92.192,4.204,3.904
"0705.02",4705,2450,33.262,6.312,5.681,0.75,39.831,23.864,91.942,2.621,5.534
"0706.00",3705,2705,25.371,9.07,10.345,1.592,51.253,25.926,91.281,2.18,6.54
"0707.00",3820,2060,36.911,6.604,5.984,1.596,48.333,28.108,94.329,2.617,3.162
"0708.01",4725,3906,13.545,7.143,8.499,0.883,35.746,31.502,90.723,2.805,6.58
"0708.02",4050,2615,27.531,4.308,5.778,0.236,35.91,17.339,90.841,2.886,6.274
"0709.01",8330,2250,14.346,3.936,8.283,0.84,22.458,15.905,88.694,3.688,7.618
"0709.02",6285,2616,14.479,5.587,9.547,1.193,26.104,20.533,89.248,3.314,7.437
"0710.03",8770,2836,9.635,6.136,7.013,0.627,21.548,18.591,90.548,3.384,6.126
"0710.05",7465,229,7.502,3.539,9.363,1.129,10.714,9.79,87.995,3.683,8.254
"0710.06",3530,1687,10.765,4.831,7.37,0.578,16.342,14.486,91.702,2.861,5.436
"0710.07",4750,1403,7.789,6.457,6.78,0.636,18.625,18.794,90.226,3.115,6.66
"0710.08",4320,3505,12.616,5.133,5.632,0.46,26.149,23.904,92.173,2.22,5.607
"0710.09",5350,1517,8.505,4.589,9.533,0.28,5.031,9.15,82.233,7.628,10.14
"0710.10",4900,1944,13.469,4.824,7.438,0.31,16.208,10.182,89.315,3.527,7.158
"0710.11",2745,3000,9.107,5.602,5.169,0.713,16.908,21.429,92.022,2.597,5.38
"0725.03",3615,2320,18.811,7.833,8.671,0.42,23.448,16.592,86.202,5.263,8.535
"0725.04",3195,1118,20.188,7.979,7.692,0.785,25.94,13.99,89.984,3.657,6.359
"0725.06",1615,31,20.433,5.66,1.807,0,23.256,9.278,91.692,2.769,5.846
"0725.07",6350,4380,6.535,5.032,9.968,1.028,13.575,16.579,89.952,2.894,7.235
"0725.09",3365,1532,19.762,5.361,7.67,0.442,13.025,14.493,92.473,2.419,5.242
"0725.10",4905,1525,14.679,3.73,9.786,0.612,32.506,14.652,87.127,3.399,9.475
"0726.01",6260,3348,22.764,7.975,4.77,0.889,32.461,21.658,92.482,3.314,4.204
"0726.03",4890,3879,17.382,10.811,5.167,0.709,34.222,25.09,89.959,5.28,4.762
"0726.04",1875,2358,12,2.765,6.332,0.528,14.286,14.167,91.033,2.717,6.25
"0727.01",3250,2892,30.308,10.811,4.452,0,44.675,25.568,90.312,5,4.688
"0727.02",3980,2561,28.769,7.031,4.284,0.367,44.776,18.692,91.5,4.5,4.125
"0728.01",6690,3803,7.997,5.707,10.912,1.57,20.703,19.647,81.573,9.021,9.483
"0728.02",4285,2233,16.103,6.751,10.842,0.807,24.207,19.844,76.583,15.532,7.885
"0728.03",2635,2879,13.852,6.316,9.671,1.161,19.9,14.65,72.461,20.703,6.836
"0729.00",3790,2538,18.47,5.679,9.091,1.186,38.827,21.429,76.23,17.623,6.148
"0730.01",11305,1947,9.155,5.486,8.448,1.946,19.664,12.331,87.432,4.656,7.911
"0730.02",6690,2142,16.143,7.114,5.007,0.897,23.519,15.764,91.528,5.144,3.328
"0731.00",6430,1270,11.82,8.738,2.022,0,26.718,19.459,94.807,2.911,2.282
"0732.01",6665,160,12.078,4.83,2.626,0.375,19.763,13.25,95.386,2.95,1.664
"0732.04",3755,65,19.308,5.121,3.063,0.533,24.92,11.255,91.766,5.312,2.922
"0733.01",4055,18,17.509,5.691,2.722,0,26.14,12.134,95.146,3.034,1.82
"0733.02",1605,37,22.118,6.135,3.115,0.623,30.822,11.224,95.482,3.313,1.506
"0734.03",5900,1110,6.864,4.223,3.051,0.174,18.116,16.418,96.249,1.62,2.046
"0734.04",3660,153,12.295,5.841,1.964,0,23.154,14.732,96.143,1.928,1.791
"0734.05",7330,227,6.548,3.817,4.98,0.471,19.597,13.793,91.286,3.043,5.671
"0734.06",5065,2286,8.786,5.893,2.634,0.585,22.047,19.113,96.524,1.787,1.688
"0734.07",9090,70,7.591,4.364,2.659,0.222,23.207,15.066,96.004,2.275,1.72
"0735.01",6595,125,13.04,4.297,3.942,0.607,29.643,19.221,95.868,1.76,2.372
"0735.02",8605,963,9.994,5.243,2.731,0.232,25.291,20.949,95.652,1.469,2.879
"0740.01",1905,20,20.472,7.853,4.987,0,31.492,6.667,75.668,20.588,4.011
"0740.03",7040,155,8.878,6.608,3.226,0.287,18.975,11.456,95.043,2.802,2.083
"0740.04",8970,182,6.968,5.998,2.546,0.443,19.91,11.787,95.601,2.594,1.805
"0750.01",5145,333,13.12,4.966,15.16,1.069,18.538,11.218,67.003,19.98,13.118
"0750.02",5490,431,9.381,3.9,13.297,0.546,12.228,11.18,61.959,24.011,13.936
"0750.04",1985,1867,15.869,9.346,16.373,0.756,24.691,16.239,65.445,23.037,11.257
"0750.06",5560,1578,15.917,6.87,16.591,1.813,37.595,24.214,62.384,23.277,14.246
"0750.07",5090,2605,12.672,6.218,15.482,1.266,25.908,18.456,62.487,23.038,14.373
"0751.01",6725,1996,16.134,6.164,14.275,1.264,26.208,16.794,46.959,39.646,13.318
"0751.02",7770,2080,12.162,7.055,18.147,1.802,17.056,12.743,49.834,33.333,16.832
"0755.01",8450,396,14.083,4.689,10.237,0.888,30.411,19.192,74.291,15.51,10.199
"0755.02",11715,2137,7.085,5.115,25.213,2.73,21.489,14.155,49.526,23.275,27.244
"0756.02",955,88,12.565,3.419,14.66,2.618,20,8.475,54.011,37.433,8.556
"0756.03",7090,204,13.399,4.494,18.054,1.904,14.17,10.304,55.8,27.533,16.667
"0756.04",5845,2100,19.076,6.149,15.569,0.77,23.991,17.262,64.666,20.034,15.3
"0756.05",5865,2648,25.405,4.741,14.066,2.046,36.066,22.449,71.564,17.545,10.977
"0757.00",5185,236,26.615,5.741,15.815,0.771,27.455,11.25,27.363,63.284,9.453
"0758.03",4255,179,12.926,5.497,13.302,0.7,10.417,8.846,33.782,54.345,11.873
"0758.04",5640,362,9.22,4.475,10.382,0.621,8.587,7.508,52.53,38.822,8.648
"0758.05",4400,575,10.227,4.272,9.393,0.916,14.576,9.091,59.043,33.839,7.001
"0758.06",5600,279,11.071,5.344,6.696,0.536,16.296,15.43,67.801,25.575,6.624
"0760.00",6745,86,11.49,4.727,4.741,0.296,20.307,14.706,88.311,8.371,3.394
"0775.00",2315,220,19.87,7.724,4.32,0.864,27.692,11.594,83.48,12.555,3.965
"0776.00",3360,396,22.47,6.612,2.206,0,28.525,12.796,92.975,5.381,1.644
"0777.01",4275,138,20.585,5.442,1.773,0.236,33.077,16.279,95.065,3.525,1.293
"0777.02",5010,165,21.856,8.762,1.497,0.299,36.638,20.423,94.965,3.525,1.41
"0780.00",3480,2333,21.983,8.286,4.728,0.86,36.196,23.59,94.949,1.587,3.463
"0781.00",5320,2088,46.241,11.594,3.377,1.22,53.208,21.269,95.612,1.681,2.801
"0782.00",3005,1217,27.454,10.51,3.84,1.002,46.547,29.012,95.492,1.503,2.838
"0783.00",4765,938,44.491,6.824,3.746,0.624,46.26,21.875,94.957,1.237,3.806
"0784.00",3385,2586,37.075,14.851,3.89,0.576,51.058,34.375,95.413,1.311,3.408
"0785.00",4310,1194,22.738,10.926,7.889,1.392,44.902,30.472,92.654,1.659,5.687
"0786.00",4345,1293,23.015,5.695,2.537,0,36.473,19.92,96.497,1.356,2.147
"0787.00",8095,1251,14.639,6.215,4.632,0.741,28.489,19.167,94.685,1.545,3.708
"0788.00",5600,2570,27.321,6.742,4.529,0.906,41.053,24.92,95.325,1.126,3.55
"0789.00",7760,633,12.693,6.982,4.925,1.102,27.356,21.199,95.593,1.426,2.916
"0790.00",7875,533,13.143,6.159,3.718,1.008,29.927,14.624,96.097,1.791,2.111
"0791.00",9000,1968,12.167,5.154,3.609,0.389,22.392,17.096,95.062,1.74,3.143
"0792.00",4280,136,12.734,5.788,2.61,0,20.991,11.364,97.059,1.412,1.529
"0800.01",4745,1258,13.593,9.43,15.628,0.845,22.034,16.606,52.89,32.279,14.722
"0800.02",5285,3198,21.287,7.28,17.992,2.652,34.368,20.275,51.465,32.812,15.723
"0801.00",7155,2555,18.868,7.961,14.675,1.747,25.217,20.813,53.477,34.982,11.613
"0802.00",3185,509,14.6,9.577,6.113,0.94,26.515,18.182,76.452,17.419,6.129
"0804.01",7055,2696,18.427,8.19,13.182,2.339,27.539,20.773,70.815,18.413,10.771
"0804.02",2170,206,11.29,3.097,17.593,1.852,18.831,18.254,69.065,15.827,15.108
"0805.00",9035,2712,23.077,9.555,21.472,2.435,26.207,16.129,57.574,24.651,17.775
"0806.01",3270,1981,17.125,8.383,16.401,0.955,24.074,27.411,57.886,28.233,14.038
"0806.02",5325,1138,14.46,8.212,16.117,1.19,15.625,15.839,57.561,26.732,15.707
"0807.01",8320,428,12.56,4.844,7.623,0.907,15.825,12.651,87.302,7.021,5.617
"0807.02",4735,175,14.572,5.078,7.724,0.939,21.18,15.972,89.765,5.011,5.117
"0825.02",3850,4140,21.429,9.33,33.204,3.761,27.244,18.018,49.449,16.529,34.022
"0825.03",5810,4420,16.523,8.492,35.115,8.906,32.716,25.559,53.632,11.57,34.888
"0825.04",5470,3125,21.115,10.27,43.916,4.117,27.765,17.949,40.58,14.783,44.444
"0825.05",5005,2931,20.38,8.197,37.843,6.002,29.952,19.512,46.793,14.721,38.486
"0825.06",5075,3698,22.069,7.341,35.048,5.429,21.594,15.686,49.793,17.391,32.816
"0825.07",6875,4261,8.945,5.911,38.411,7.289,32.118,12.214,45.448,11.4,43.152
"0825.08",1990,205,7.538,7.661,43.142,7.731,36.471,13.889,49.215,9.162,41.885
"0826.02",4665,2806,23.901,5.435,33.976,2.68,18.103,15.172,50.948,12.486,36.455
"0826.05",4040,2597,22.649,5.991,41.497,2.538,21.739,13.6,44.372,13.874,41.754
"0826.06",4015,3606,18.431,10.909,42.527,14.459,20.805,17.316,39.685,13.798,46.518
"0826.07",4045,4885,54.388,7.764,33.455,2.676,34.987,9.2,57.179,8.846,33.974
"0826.08",3350,2688,25.075,3.47,31.202,3.653,16.867,11.058,53.198,11.856,35.101
"0826.09",3130,2358,28.914,9.697,47.917,4.968,12.15,8.808,32.709,13.799,53.663
"0826.10",6080,2988,16.694,6.316,42.928,4.194,22.616,12.325,35.813,11.073,53.201
"0826.11",4065,3838,30.75,9.976,40.441,9.926,31.503,19.574,49.487,11.154,39.359
"0826.13",4070,3999,13.145,7.883,39.78,3.672,12.593,10.246,42.986,10.553,46.332
"0826.14",9620,668,13.825,5.81,38.981,7.328,27.392,14.183,45.265,9.781,44.953
"0827.02",6895,1999,24.946,6.293,9.579,0.943,43.715,26.667,87.863,3.997,8.14
"0827.03",7430,1665,13.122,5.446,13.526,1.077,20.321,11.161,82.113,4.213,13.743
"0827.04",9450,263,8.466,4.101,12.328,1.534,17.345,13.419,84.261,4.443,11.349
"0828.03",5300,1796,13.019,4.817,10.67,1.794,22.947,15.605,79.049,10.572,10.281
"0828.04",3750,1267,14.267,4.846,9.987,1.731,29.851,21.491,83.47,8.333,8.197
"0828.05",5960,2029,9.648,4.223,11.4,1.174,14.64,11.594,79.213,9.666,11.035
"0828.06",6030,712,10.697,4.198,14.842,1.658,13.735,13.649,76.44,9.802,13.758
"0829.00",7455,970,13.682,5.122,7.775,1.273,20.415,16,87.311,5.624,7.064
"0830.01",7000,1055,14.357,4.634,6.5,0.214,26.049,18.841,89.9,4.011,6.089
"0830.03",5430,3615,17.127,6.587,8.648,1.012,24.091,19.878,89.27,3.517,7.214
"0830.04",4235,3232,12.869,4.118,7.92,0.827,25.74,15.323,89.651,3.851,6.619
"0831.03",4870,2340,19.713,4.406,5.789,0.737,24.878,17.608,90.638,4.63,4.63
"0831.04",4735,2738,9.609,5.892,8.061,1.122,19.505,20.139,85.484,5.484,9.032
"0831.05",4575,2371,9.508,3.966,9.713,1.545,13.213,11.847,82.095,6.644,11.374
"0831.07",2960,39,15.372,4.101,2.024,0,21.702,15.642,92.675,3.918,3.578
"0831.08",7950,1757,9.434,4.634,12.264,1.95,16.163,12.367,83.536,4.869,11.595
"0831.09",4225,2512,6.864,4.99,7.583,0.711,14.483,14.17,88.029,5.925,6.167
"0833.00",6305,102,12.054,4.465,3.648,0.634,21.486,13.281,93.585,3.288,3.208
"0834.00",2585,49,16.248,4.778,4.642,0,21.951,12.739,94.574,3.295,2.326
"0850.01",10280,2486,9.582,2.993,5.496,0.681,17.805,13.912,91.382,3.962,4.755
"0850.03",4805,3210,15.713,5.07,4.974,1.244,31.951,23.985,92.145,4.834,3.021
"0850.04",4860,577,6.276,4.047,6.465,0.909,12.991,11.806,91.988,4.058,3.954
"0850.05",3640,467,6.731,3.555,4.782,0.844,18.959,21.963,90.503,6.145,3.492
"0851.00",5055,914,24.332,5.147,5.07,0.895,38.337,20.408,93.536,3.036,3.428
"0852.01",8605,154,10.517,4.122,6.973,0.581,14.894,9.789,90.319,4.841,4.841
"0852.02",845,107,16.568,4.04,5.917,0,28.169,13.725,94.479,4.294,2.454
"0853.02",5580,269,13.441,3.715,5.018,0.806,22.558,16.413,94.924,2.137,3.028
"0853.03",5580,1813,12.545,5.944,6.446,1.343,24.781,18.398,92.643,2.997,4.36
"0853.04",5680,436,9.859,3.794,4.842,0.528,12.788,9.412,94.311,3.022,2.756
"0854.01",5370,1890,26.35,4.839,11.173,0.931,16.5,10.511,85.144,9.564,5.2
"0854.02",5920,283,19.932,4.762,6.16,0.253,15.743,10.026,86.826,8.298,4.962
"0855.01",5125,649,18.634,6.272,10.146,1.073,17.839,16.718,83.017,10.789,6.194
"0855.03",6210,1573,27.939,4.647,6.366,0.967,36.239,21.154,87.459,8.033,4.508
"0855.04",3360,404,8.482,2.426,10.104,2.08,10.648,7.772,87.939,4.275,7.786
"0856.00",2470,159,10.121,7.667,10.429,0.818,31.818,17.361,82.708,8.125,9.583
"0857.01",4775,3208,18.953,5.501,17.284,1.44,24.422,17.073,79.871,5.705,14.316
"0857.02",4245,3593,17.079,8.102,18.728,2.827,19.632,20.233,79.394,7.636,12.97
"0857.06",5575,3908,15.157,5.714,16.592,3.318,23.82,17.325,81.659,5.346,13.088
"0857.07",7245,720,8.42,5.842,14.779,1.657,17.408,14.184,82.436,4.178,13.385
"0857.08",5595,1449,25.559,4.87,14.173,1.849,41.581,24.085,85.74,3.906,10.263
"0857.09",5200,2184,12.212,6.302,15.753,1.894,25.891,12.581,78.875,5.429,15.696
"0857.10",5710,866,8.932,4.658,11.644,1.689,17.73,12.428,83.259,5.551,11.191
"0857.11",3720,1715,13.172,4.884,14.555,0.943,24.671,14.48,80.716,5.096,14.187
"0857.12",3770,3453,17.374,4.612,12.89,2.307,20.069,17.904,81.14,5.292,13.569
"0858.01",4730,3131,17.97,5.466,15.51,1.302,17.956,16.271,73.529,10.24,16.231
"0858.02",3835,3197,18.253,8.353,23.797,4.304,23.548,19.481,67.072,11.471,21.323
"0858.04",5525,1977,14.842,4.341,24.62,2.865,14.937,11.607,67.847,10.158,21.994
"0858.05",2995,296,10.017,5.051,18.56,0.8,18.433,14.124,71.379,10.862,17.931
"0859.00",2840,3788,16.021,7.292,32.833,4.128,25.114,21.118,57.143,8.425,34.432
"0860.01",6335,3814,18.785,6.147,24.862,2.526,20.868,17.801,48.891,28.348,22.843
"0860.02",3795,3147,17.787,7.923,27.755,7.075,28.205,23.394,45.89,30.274,23.699
"0861.00",6535,3425,18.898,8.764,21.903,5.816,42.654,20.64,57.314,24.061,18.545
"0862.00",6420,2827,37.305,8.191,22.058,6.002,43.925,16.056,68.815,11.926,19.259
"0863.01",3330,2372,26.877,5.758,16.345,2.377,33.333,13.613,71.536,17.169,11.446
"0863.02",5695,2981,35.733,5.852,12.279,1.06,49.918,18.581,81.64,10.162,8.198
"0864.00",5280,2632,15.625,5.913,9.555,0.568,25.891,15.461,81.65,12.33,6.214
"0865.00",1770,3392,15.537,11.892,9.302,1.163,53.03,26.744,83.14,6.395,10.465
"0866.00",2955,6018,16.92,8.911,9.773,1.571,52.266,30.282,80.944,9.441,9.441
"0867.00",6165,4034,17.924,7.925,14.193,4.298,44.551,26.198,80.715,5.819,13.466
"0868.01",5575,3492,18.027,7.993,17.578,2.152,24.889,18.654,76.133,8.141,15.726
"0868.02",5770,4776,15.078,9.416,17.402,5.688,32.48,27.778,78.482,6.696,14.821
"0869.00",2790,2604,31.362,5.172,14.781,0,18.981,17.919,84.08,2.488,13.267
"0870.01",3535,3513,14.569,8.992,14.365,2.65,31.596,31.156,84.848,2.165,12.843
"0870.02",2270,3826,20.264,6.41,19.789,4.421,33.333,20.472,79.365,3.175,17.687
"0871.01",3685,4986,21.438,10.086,21.927,6.006,39.489,24.51,79.494,2.388,18.118
"0871.02",2010,4113,20.896,7.282,20.25,1.25,27.108,17.797,78.811,2.842,18.088
"0872.00",6185,3596,13.824,11.094,18.593,5.012,38.889,28.308,81.224,3.391,15.385
"0873.01",4360,10346,11.583,12.731,21.379,9.08,35.385,34.234,81.139,2.847,16.014
"0873.02",4220,6442,13.626,9.276,17.004,6.897,42.523,31.982,84.945,2.203,12.974
"0874.00",4910,5702,13.951,11.667,20.892,5.68,36.748,27.203,81.521,2.429,16.051
"0875.00",4760,6390,14.286,9.562,25.213,8.83,47.727,25.991,79.978,3.156,16.866
"0876.01",3785,5238,12.682,12.392,28.701,13.636,29.968,30.097,79.372,3.005,17.623
"0876.04",7730,2930,10.285,3.868,17.994,1.294,15.884,12.661,80.332,2.525,17.209
"0876.05",8180,1728,21.577,5.367,14.985,2.508,27.413,15.415,86.271,2.278,11.451
"0876.06",5675,5604,12.952,8.306,21.869,5.996,28.298,21.875,79.675,3.252,16.983
"0876.07",1920,1915,35.156,4.147,18.622,4.082,35.119,14.679,82.805,2.262,14.932
"0877.01",8200,1608,32.378,4.607,11.274,1.402,36.306,12.602,87.279,2.297,10.424
"0877.02",5910,3971,23.266,7.206,20.305,5.838,36.414,19.207,81.597,2.604,15.885
"0878.00",4945,4514,17.088,10.282,17.028,6.502,46.498,28.75,83.454,3.102,13.34
"0879.01",3150,5070,17.937,6.628,17.231,4.154,48.817,25.157,85.761,2.751,11.327
"0879.02",3655,4765,18.468,6.176,10.405,2.838,43.832,21.026,90.305,2.909,6.787
"0880.00",3930,4351,17.684,10.048,14.994,4.193,47.826,23.59,84.974,3.368,11.658
"0881.01",3470,6436,15.418,7.673,17.403,5.525,44.126,24.432,83.982,2.994,13.174
"0881.02",3595,5880,14.465,6.25,18.433,5.37,43.575,23.784,82.143,2.714,15
"0882.00",2590,3712,16.216,8.741,16.729,4.275,43.182,25.362,83.3,3.777,13.121
"0883.00",2440,2453,24.795,10.638,17.537,3.967,47.909,16.129,79.921,4.724,15.551
"0884.01",3400,4725,19.118,11.111,41.277,16.312,41.36,13.483,51.783,5.736,42.481
"0884.02",7105,3680,31.738,8.669,15.963,4.295,54.722,20.117,85.317,3.201,11.482
"0885.00",3305,2039,35.25,6.479,15.822,3.84,46.491,21.084,86.87,2.387,10.743
"0886.01",3090,702,16.019,2.841,9.329,0.655,38.333,18.75,86.326,3.624,9.885
"0886.02",3055,1444,11.62,7.242,10.448,1.493,25.397,15.385,88.127,2.676,9.197
"0886.03",2820,1273,26.241,6.34,8.117,1.382,44.218,22.222,89.52,1.954,8.703
"0887.03",3595,315,17.524,4.534,8.75,1.25,12.453,11.304,92.525,2.116,5.219
"0887.04",5110,2610,23.679,5.904,7.185,1.378,31.466,18.447,91.782,2.079,6.139
"0887.05",4700,2367,20.638,5,9.477,1.852,19.681,14.094,91.224,1.842,7.042
"0887.06",4515,2534,11.517,5.415,9.247,0.968,17.211,14.801,89.876,2.812,7.424
"0888.01",3115,103,10.433,2.105,6.061,1.116,27.481,15.873,90.554,2.606,7.003
"0888.02",5410,2282,21.719,3.986,6.464,0.475,16.749,9.467,93.4,1.627,5.063
"0888.03",4335,2035,31.373,4.93,5.942,0.336,23.014,7.829,93.889,2.444,3.778
"0889.01",2405,1746,36.59,3.057,3.926,0.413,47.266,23.256,95.825,1.59,2.386
"0889.02",2860,720,22.378,3.869,7.155,1.193,28,16.384,92.92,2.478,4.425
"0889.03",4635,1396,30.636,2.796,7.269,0.881,26.076,14.286,94.004,2.236,3.862
"0900.00",4500,1769,26.667,5.769,4.075,0.661,30.732,16.85,95.316,2.397,2.288
"0901.01",4815,1920,20.768,3.69,3.81,0.741,36.283,20.144,94.974,2.827,2.304
"0901.02",4395,2477,18.203,3.815,4.129,0.335,22.535,12.963,96.326,2.067,1.722
"0901.03",8255,442,14.234,4.271,4.501,0.304,15.947,10.516,95.288,1.958,2.754
"0902.00",5420,1607,18.358,5.388,3.967,0,26.477,18.96,95.133,2.212,2.655
"0903.01",6750,659,26.741,4.388,5.704,0.222,27.993,13.716,94.69,2.069,3.241
"0903.04",4085,2881,21.665,4.357,4.584,0,21.296,14.567,95.084,1.079,3.957
"0903.05",3735,3040,14.19,4.317,2.145,0.67,17.668,16.309,96.081,1.351,2.432
"0903.08",2750,3330,9.455,4.893,4.044,0.368,19.324,14.11,95.956,1.838,2.206
"0903.09",6065,436,8.162,3.841,3.792,0.165,21.915,15.746,96.007,1.331,2.745
"0903.10",6100,266,7.623,4.342,3.115,0.328,17.007,14.958,96.364,1.24,2.397
"0903.11",3895,1037,5.263,4.593,2.618,0.654,11.373,15.625,95.969,1.3,2.861
"0903.12",5990,3087,7.763,2.925,4.125,1.073,17.29,16.667,95.114,1.348,3.454
"0903.13",2610,66,15.326,4.18,2.495,0.384,14.433,8.537,96.525,2.51,1.158
"0903.14",1960,67,12.755,4.527,2.85,1.295,16.667,12.097,95.876,1.546,2.577
"0904.02",4600,268,22.826,4.059,3.229,0.323,29.397,17.343,95.921,1.778,2.301
"0904.03",4820,66,7.884,3.273,3.708,0,22.678,17.626,96.113,1.891,1.996
"0904.04",3475,2522,12.95,2.963,3.013,0.574,15.175,12.963,97.282,1.144,1.574
"0904.05",3745,2814,18.291,5.301,4.167,0.651,23.975,16.034,97.174,1.077,1.75
"0904.06",4215,3614,5.457,3.94,4.452,0.963,11.224,13.077,96.403,1.199,2.398
"0926.01",4875,156,24.923,4.299,3.897,0.205,31.019,17.014,95.8,2.5,1.7
"0926.02",4515,90,17.497,3.846,3.987,0.221,27.487,14.079,95.978,2.57,1.341
"0929.01",3735,1653,18.876,5.104,5.091,0.783,25.806,15.487,90.489,7.473,2.038
"0929.02",4680,1356,9.829,3.697,4.471,0.436,17.009,13.83,93.283,4.55,2.275
"0930.02",8880,537,20.158,4.496,3.998,0.676,30.179,16.418,95.387,2.221,2.392
"0930.03",2605,349,18.042,4.24,8.031,0.765,13.472,8.434,91.194,6.262,2.74
"0930.04",6540,302,22.554,4.035,5.441,0,25.285,10.687,94.341,2.904,2.681
"1000.00",5310,2230,14.407,5.169,2.354,0.188,26.328,19.677,97.822,0.758,1.42
"1001.00",3195,58,12.989,6.799,2.66,0.469,20.732,16.495,97.008,0.945,2.047
"1002.00",5765,79,16.565,4.777,2.86,0.347,25.105,13.105,97.644,1.134,1.222
"1003.00",6805,144,16.385,4.627,3.821,0.514,21.361,13.902,93.588,4.539,1.873
"1004.00",5345,455,12.348,5.41,2.622,0,27.5,19.231,93.916,4.848,1.331
"1005.00",7915,315,14.466,5.612,3.032,0.379,24.379,12.944,93.38,4.392,2.101
"1006.00",20605,173,10.992,7.488,2.257,0.315,23.438,18.076,96.725,1.393,1.906
"2001.00",7850,987,16.433,4.197,3.057,0.191,21.157,14.407,94.704,2.963,2.333
"2002.00",415,19,14.458,4.918,4.902,0,21.212,12,98.795,1.205,1.205
"2004.00",3015,2582,20.232,8.94,4.326,0.666,43.087,26.25,94.949,2.525,2.694
"2005.00",3605,3010,16.782,6.784,3.873,1.107,44.8,25.789,94.958,2.941,2.101
"2007.00",1095,2499,30.137,8.13,5.069,1.843,60.584,36.364,94.561,2.929,2.092
"2008.00",2405,4795,11.227,12.698,1.205,0,47.451,32.5,96.849,2.101,1.05
"2009.00",5330,2830,13.227,6.502,2.765,0.381,34.274,19.614,95.817,2.281,1.901
"2011.00",2060,3231,38.35,10,3.275,0,56,33.684,94.444,2.899,2.657
"2012.00",1590,2124,36.164,8.219,2.606,0.651,54.891,16.049,94.937,1.899,3.165
"2013.00",3900,2211,23.974,5.651,5.563,1.011,25.148,17.355,94.308,2.329,3.364
"2014.00",3325,2214,49.774,7,5.124,0.932,46.757,19.892,94.965,2.657,2.378
"2015.00",4635,3649,31.715,11.009,5.69,1.159,58.291,25.664,93.75,2.851,3.399
"2100.00",1980,208,11.364,3.463,2.02,0,12.766,10.656,95.674,2.29,1.781
"2101.00",1030,131,13.592,7.965,0.943,0,20.513,14.754,98.537,0.976,0.488
"2102.00",1055,22,13.744,5.344,2.294,0,17.722,9.231,94.258,4.306,1.435
"2103.00",1675,458,17.015,5.263,3.738,0,25.532,13.592,95.758,3.03,1.212
"2200.00",5515,2530,11.423,4.961,4.17,0.453,18.868,18.584,94.973,2.377,2.651
"2201.00",4335,2945,13.264,5.598,5.251,0.228,18.237,15.414,95.338,2.331,2.331
"2202.00",7380,1991,11.856,4.291,2.889,0.688,18.885,15.436,95.566,2.115,2.319
"2203.00",3555,1258,13.08,4.739,4.229,0.273,16.35,10.407,95.455,2.557,1.989
"2204.00",820,175,14.024,1.98,5.732,0,15.625,7.692,97.5,1.875,1.25
"2205.00",3975,1179,17.61,3.286,3.723,0.385,26.444,15.612,93.901,2.795,3.304
"2206.00",1955,73,11.253,4.603,2.494,0,15.862,11.57,94.574,2.842,2.584
"2207.00",880,124,13.068,1.942,1.639,0,12.5,3.636,92.529,5.747,1.724
"2300.00",2880,2169,21.528,6.552,1.616,0.539,30.078,20.115,97.427,1.715,1.029
"2301.00",2780,3082,31.115,7.692,3.665,0.698,48.322,30.496,96.358,2.152,1.49
"2302.00",2590,2560,22.394,6.475,1.397,0.399,30.544,21.875,97.191,1.685,1.124
"2304.00",1085,1545,22.581,4,2.752,0,22.472,16.418,96.296,2.315,1.389
"2400.00",2730,59,17.766,7.067,2.198,0,23.451,10.714,97.222,1.667,0.926
"2401.00",3690,832,11.653,4.245,2.442,0.814,18.051,13.333,97.127,1.642,1.231
"2402.00",3410,1224,9.824,4.188,3.29,0.286,15.517,11.735,95.809,2.601,1.734
