Nbr_acci;Feux_auto;Feux_piet;Pass_piet;Terreplein;Apaisement;EmpTotBuffer;Densite_pop;Entropie;DensiteInter;Long_arterePS;Artere;NB_voies5;log_acci;catego_acci;catego_acci2;Arret;VAG;sum_app;LogEmploi;AccOrdinal;PopHa
19;1;1;1;1;0;7208.53828092387;5980.92276546973;0.807392560281687;42.4159660303962;6955;1;1;2.99573227355399;1;1;0;1;4;8.88302147476347;2;5.98092276546973
13;1;1;1;0;0;15198.9584387183;11696.8046128631;0.643201785740494;86.5044494026259;9581.51;1;0;2.63905732961526;1;1;0;1;4;9.62898218071797;2;11.6968046128631
12;1;1;1;0;0;38935.4884274642;9954.81108838737;0.893554211783827;128.663879620108;13841.4;1;0;2.56494935746154;1;1;0;1;4;10.5696614126214;2;9.95481108838737
12;1;1;1;0;0;56345.0850510916;6452.05957130914;0.903489009562285;134.498050439676;11533.3;1;0;2.56494935746154;1;1;0;1;4;10.9392502938554;2;6.45205957130914
12;1;0;1;0;0;8585.34984229425;8655.43011737708;0.760785155128496;89.1149470232742;6412.27;0;0;2.56494935746154;1;1;0;1;4;9.05781252291414;2;8.65543011737708
12;1;1;1;0;0;64323.504811033;12265.3821705572;0.989275744402962;74.2564963086643;12506.7;1;0;2.56494935746154;1;1;0;1;4;11.0716803925896;2;12.2653821705572
12;1;1;1;0;0;12325.9054361229;11856.4634618257;0.583582616025352;72.4786475844102;7809.14;1;1;2.56494935746154;1;1;0;1;4;9.4194584595897;2;11.8564634618257
11;1;0;1;0;0;13273.9194412016;7416.88681267022;0.818440404839955;105.73651520042;12075.4;1;1;2.484906649788;1;1;0;1;4;9.4935564447709;2;7.41688681267022
11;1;1;1;0;0;6258.39450401538;7606.403638509;0.89468889074647;56.4024843142753;7616.9;1;1;2.484906649788;1;1;0;1;4;8.74167896219322;2;7.606403638509
10;1;0;1;0;0;35322.7443135617;10903.1496997028;0.879090117612572;120.815579357147;13110.7;0;0;2.39789527279837;1;1;0;1;4;10.4722823502715;2;10.9031496997028
10;1;0;1;0;0;107577.772907585;8867.7160050504;0.981537518591526;85.1137502882602;13404.2;0;0;2.39789527279837;1;1;0;1;4;11.5859693338801;2;8.8677160050504
10;1;1;1;0;0;20744.4707321624;12269.9681280619;0.796653602978263;103.138115865443;8890.45;1;0;2.39789527279837;1;1;0;1;4;9.94003501941005;2;12.2699681280619
10;1;1;1;0;0;7152.54645661365;8652.99227866226;0.586648813684918;46.6589761361362;9273.6;1;1;2.39789527279837;1;1;0;1;4;8.87522372006062;2;8.65299227866226
10;1;1;1;0;0;15491.8558054715;12937.7240451936;0.649907749555625;101.572710138202;6109.66;1;1;2.39789527279837;1;1;0;1;4;9.64806973291456;2;12.9377240451936
10;1;1;1;0;0;3665.33994135579;8534.82926914737;0.862969386120589;47.9515559810751;5245.75;1;1;2.39789527279837;1;1;0;1;4;8.20667636345892;2;8.53482926914737
9;1;1;1;0;1;141128.910435759;4690.21007856199;0.902257144240554;91.9175201447228;17753.7;1;0;2.30258509299405;1;1;0;1;4;11.8574290100903;2;4.69021007856199
9;1;1;1;0;0;11479.0165259284;11632.3132828489;0.569154012057584;46.0328558482348;4941.57;0;0;2.30258509299405;1;1;0;1;4;9.34827599773067;2;11.6323132828489
9;1;0;1;0;1;33643.8907016792;9822.27347588709;0.865993243595836;123.077149335513;10957.8;0;0;2.30258509299405;1;1;0;1;4;10.423586764405;2;9.82227347588709
9;1;1;1;0;0;48057.4045688019;7832.55946744498;0.879417336530982;124.631142301614;13113.7;1;1;2.30258509299405;1;1;0;1;4;10.7801515038539;2;7.83255946744498
8;1;1;1;0;0;6271.15760434584;8042.8485737703;0.764596844899198;103.291287688187;7498.88;0;0;2.19722457733622;1;1;0;1;4;8.74371624247818;2;8.0428485737703
8;1;1;1;0;0;14519.7794336983;10719.8858880731;0.813990633610018;94.2969387792192;9265.56;1;0;2.19722457733622;1;1;0;1;4;9.58326709774676;2;10.7198858880731
8;1;1;1;0;0;23703.7189772794;11807.6094380408;0.797312889656159;83.8740688645503;13852.6;1;0;2.19722457733622;1;1;0;1;4;10.0733872336853;2;11.8076094380408
8;1;1;1;0;1;117728.377699901;5698.72455435155;0.919278194388153;131.421085825864;17066;1;1;2.19722457733622;1;1;0;1;4;11.6761353661412;2;5.69872455435155
8;1;1;1;0;0;7211.03570526587;5778.38874965669;0.689314203591565;47.284766826368;4876.13;1;1;2.19722457733622;1;1;0;1;4;8.88336786840441;2;5.77838874965669
8;1;1;1;0;0;9971.6806675435;12788.5467679029;0.663195276910081;56.2623370242151;6088.88;1;1;2.19722457733622;1;1;0;1;4;9.20750442122091;2;12.7885467679029
7;0;0;1;0;0;1342.62522097118;2751.01228412044;0;73.3534430279542;2849.66;0;0;2.07944154167984;1;1;1;1;3;7.20238209649966;2;2.75101228412044
7;1;1;1;0;0;8427.76681574887;11386.1640390292;0.335228954166094;56.5675292888614;3554.3;1;0;2.07944154167984;1;1;0;1;4;9.03928710673743;2;11.3861640390292
7;1;1;1;1;0;2193.42723898712;7715.26208709423;0.246461623978621;42.7966447846913;8063.17;1;1;2.07944154167984;1;1;0;1;4;7.69322054886262;2;7.71526208709423
7;1;1;1;0;0;3309.97959225152;6067.28359566816;0.336698873484716;68.9764098916195;3974.67;1;1;2.07944154167984;1;1;0;1;3;8.10469730286918;2;6.06728359566816
7;1;1;1;0;0;12282.7299142509;2577.54614270429;0.237218746282607;32.4029265870895;3064.33;0;1;2.07944154167984;1;1;0;1;4;9.41594948271564;2;2.57754614270429
7;1;1;1;0;0;8206.40431823778;9920.07997225698;0.648762356690194;74.7127439395702;7540.23;1;1;2.07944154167984;1;1;0;1;4;9.01267014283853;2;9.92007997225698
7;1;1;1;0;0;51077.4139230369;11773.0186500881;0.957096304431411;65.0688155983531;12012.5;1;1;2.07944154167984;1;1;0;0;4;10.8410976808898;2;11.7730186500881
6;1;0;1;0;0;2400.29913717621;9454.45251645105;0.69353042451994;64.930457635728;789.533;0;0;1.94591014905531;1;1;0;1;4;7.78334864905914;2;9.45445251645105
6;0;0;1;0;0;12516.4100367731;8950.94208404184;0.430054930744714;74.9187895243645;8443.01;1;0;1.94591014905531;1;1;1;0;3;9.4347958652599;2;8.95094208404184
6;1;0;1;0;0;27453.778081133;10349.0659673241;0.864487672006432;107.148171104729;9458.81;0;0;1.94591014905531;1;1;0;1;4;10.2202590724808;2;10.3490659673241
6;1;0;1;0;0;65594.6891847778;10842.5324872857;0.980474455526759;66.9218924561218;11345.9;1;0;1.94591014905531;1;1;0;1;3;11.0912500141058;2;10.8425324872857
6;1;1;1;0;0;5119.91450801134;8231.46621924717;0.627592064147076;73.0989098687701;10165.1;1;0;1.94591014905531;1;1;0;1;4;8.54089302024011;2;8.23146621924717
6;1;1;1;0;0;15781.5534093548;14480.3078140336;0.847417187143939;45.154232770632;5713.26;1;0;1.94591014905531;1;1;0;1;4;9.66659703121227;2;14.4803078140336
6;1;1;1;0;0;5950.98122177229;5485.55807882408;0.581766499167062;53.3841608641311;10295.5;1;1;1.94591014905531;1;1;0;1;4;8.69131139616555;2;5.48555807882408
6;1;1;1;0;0;3966.82741217164;5674.77361250306;0.751511717551708;48.7300163919635;7361.7;1;1;1.94591014905531;1;1;0;1;4;8.28572191368732;2;5.67477361250306
6;1;0;1;1;0;10381.247410136;9483.21883906216;0.69585934633774;61.4057290372169;7484.22;1;1;1.94591014905531;1;1;0;0;4;9.24775632388641;2;9.48321883906216
5;1;1;1;0;0;4780.05232866745;12820.2856043119;0.737593939503404;57.6264460905546;0;0;0;1.79175946922805;1;1;0;1;4;8.47220677284555;2;12.8202856043119
5;1;0;1;0;0;2481.71457251032;12545.7733193426;0.539297526685118;48.5835662956849;411.138;0;0;1.79175946922805;1;1;0;1;4;7.81670496016307;2;12.5457733193426
5;0;0;0;0;0;4998.51941091127;8090.47765593025;0.787961842911746;66.8685611133679;4517.65;0;0;1.79175946922805;1;1;1;1;4;8.51689702974695;2;8.09047765593025
5;1;1;1;0;0;58543.7644918639;4619.62024125284;0.938135868950707;154.011289751718;9823.2;0;0;1.79175946922805;1;1;0;1;4;10.9775298644965;2;4.61962024125284
5;1;1;1;0;0;11779.9113501701;12526.2867802177;0.56506635651001;52.5117825924152;5098.26;0;0;1.79175946922805;1;1;0;1;4;9.37415093172481;2;12.5262867802177
5;1;0;1;0;0;2808.02152272477;7506.00263828763;0.79998251457432;63.1656843308312;2955.03;0;0;1.79175946922805;1;1;0;1;4;7.94023542990435;2;7.50600263828763
5;1;1;1;1;0;6257.45666966091;914.77291843352;0.643616495296606;4.26522427949405;8187.08;1;1;1.79175946922805;1;1;0;1;4;8.74152909873715;2;0.91477291843352
5;1;1;1;0;0;92285.91870701;9443.16870779892;0.954707444099964;91.5570603759995;16143;1;1;1.79175946922805;1;1;0;1;4;11.4326468487984;2;9.44316870779892
5;1;1;1;0;0;2437.30223901161;1328.52265684897;0.481723108828123;17.6710953171236;3808.78;1;1;1.79175946922805;1;1;0;1;4;7.79864706686738;2;1.32852265684897
4;1;1;1;0;0;5370.91226030982;11681.3364055316;0.727761812291891;53.1512301686088;0;0;0;1.6094379124341;1;1;0;1;4;8.58875305395185;2;11.6813364055316
4;1;0;1;0;0;2891.48253918396;5762.53994986573;0.607053910133671;48.9749687638284;2451.69;0;0;1.6094379124341;1;1;0;1;4;7.96952463890944;2;5.76253994986573
4;1;1;1;0;0;4368.19749604445;10635.8941278134;0.647579542881024;58.0124320219182;5130.69;1;0;1.6094379124341;1;1;0;1;4;8.3821057306985;2;10.6358941278134
4;0;0;0;0;0;2266.65730906914;15293.8357072997;0.694380742909301;54.9291158932658;6426.31;0;0;1.6094379124341;1;1;1;1;4;7.72606147413572;2;15.2938357072997
4;1;0;1;1;1;6869.05477389978;8473.4876508105;0.733609007802727;108.406297596097;8575.06;1;0;1.6094379124341;1;1;0;1;4;8.83478178825397;2;8.4734876508105
4;1;0;1;0;0;1699.67054446299;8763.91664584468;0.703853955722994;56.2614494530487;4232.59;0;0;1.6094379124341;1;1;0;1;4;7.43818971388846;2;8.76391664584468
4;0;0;0;0;0;5388.701519251;10908.2277059537;0.667310886307094;76.4831680817101;4980.11;0;0;1.6094379124341;1;1;1;1;4;8.59205972936135;2;10.9082277059537
4;1;1;1;0;0;5114.38275467896;10664.650013118;0.697885279529008;62.7356354491329;6464.3;1;0;1.6094379124341;1;1;0;1;4;8.53981199753203;2;10.664650013118
4;1;0;1;0;0;12876.3878855056;5606.6664788517;0.715716433691683;46.1874236202566;7188.94;1;0;1.6094379124341;1;1;0;1;4;9.46315051665474;2;5.6066664788517
4;1;0;1;0;1;10091.2287283333;12294.4704815325;0.626430418038009;96.4808776851264;4090.63;0;0;1.6094379124341;1;1;0;1;4;9.21942188277521;2;12.2944704815325
4;1;1;1;0;0;112142.436153403;8859.80981964203;0.962916520506987;110.101713027514;16292.1;1;0;1.6094379124341;1;1;0;1;4;11.6275250936561;2;8.85980981964203
4;1;1;1;0;0;10496.4729236098;8684.62524114733;0.653764734152949;39.4556416102087;5403.16;1;0;1.6094379124341;1;1;0;1;3;9.25879456767737;2;8.68462524114733
4;1;1;1;0;0;8410.66373628915;4753.81908107406;0.723221297995364;43.6108135138053;4383.75;1;1;1.6094379124341;1;1;0;1;4;9.03725567212261;2;4.75381908107406
4;1;0;1;0;1;6721.45562936258;8521.09054392699;0.629676168696916;59.2928022735863;5418.67;1;1;1.6094379124341;1;1;0;1;4;8.8130600215726;2;8.52109054392699
4;1;1;1;0;0;2505.17380958414;5624.5867137849;0.558234729036047;64.722803834311;5551.48;1;1;1.6094379124341;1;1;0;1;4;7.82611339617546;2;5.6245867137849
4;0;0;1;0;0;8077.11328252456;5342.51570205682;0.735020658727582;42.5316029193004;6869.49;0;1;1.6094379124341;1;1;1;1;4;8.99678982066579;2;5.34251570205682
4;1;1;1;1;0;3270.79680903145;7232.69099945288;0.803247818014857;38.7226360669355;7401.83;1;1;1.6094379124341;1;1;0;1;4;8.09278890669466;2;7.23269099945288
4;0;0;1;0;0;6405.40942900397;6576.93767345109;0.483095178003274;34.7907080818287;8340.2;0;1;1.6094379124341;1;1;1;1;3;8.76489813562958;2;6.57693767345109
4;1;1;1;0;0;7684.27589977663;11760.5010579171;0.640021355369703;75.2305927065011;8824.02;1;1;1.6094379124341;1;1;0;1;4;8.94693142899302;2;11.7605010579171
4;1;1;1;0;0;7133.1506224199;5271.35187239413;0.851821153210921;83.6774624031871;7440.24;1;1;1.6094379124341;1;1;0;1;3;8.87250829833434;2;5.27135187239413
4;1;1;1;1;0;4098.17790478673;6714.03639255392;0.722681013499094;62.1048446345773;7697.95;1;1;1.6094379124341;1;1;0;1;4;8.31829774044482;2;6.71403639255392
4;1;0;1;0;0;44380.3026954132;8036.92825867832;0.873451110683573;120.163563563453;12197.7;1;1;1.6094379124341;1;1;0;1;4;10.7005510169999;2;8.03692825867832
3;0;0;1;0;0;4306.71257759697;13609.8253191345;0.753401682331841;61.207668934152;0;0;0;1.38629436111989;1;0;1;1;4;8.36793014904439;2;13.6098253191345
3;0;0;0;0;0;1103.88413524782;4191.42827903094;0.548643196740204;56.5271173951333;3691.33;0;0;1.38629436111989;1;0;1;1;4;7.00659027137272;2;4.19142827903094
3;1;1;1;0;0;6819.1737831901;5920.28972090044;0.687023953984073;46.9591686654755;4844.5;1;0;1.38629436111989;1;0;0;1;4;8.82749359733891;2;5.92028972090044
3;1;1;1;0;0;10432.7575765751;9813.63649833617;0.611145077489534;50.7077557365756;6552.21;0;0;1.38629436111989;1;0;0;1;4;9.2527059019836;2;9.81363649833617
3;1;0;1;0;0;7637.13086402424;12474.7690236476;0.662311300483264;84.5752713352882;7637.02;1;0;1.38629436111989;1;0;0;1;4;8.94077727026917;2;12.4747690236476
3;1;1;1;0;0;2307.16790026983;4890.62542476296;0.614255876448579;67.2991670635902;10702.6;1;0;1.38629436111989;1;0;0;1;4;7.7437760341427;2;4.89062542476296
3;0;0;0;0;0;6853.14422665916;11920.8896603477;0.602433300910968;57.7741165952046;7880.88;1;0;1.38629436111989;1;0;1;1;4;8.83246283713398;2;11.9208896603477
3;0;0;0;0;1;13010.916129884;12786.0302072825;0.735116346787264;101.277293655433;7574.95;0;0;1.38629436111989;1;0;1;0;3;9.4735439863897;2;12.7860302072825
3;1;0;1;0;0;42668.1276628825;12725.8400795183;0.959738512989502;83.1257483441061;11792.6;0;0;1.38629436111989;1;0;0;1;4;10.6612074957462;2;12.7258400795183
3;0;0;1;0;0;4393.46459596509;6937.008370778;0.699073592432618;56.9430559304921;6402.54;0;0;1.38629436111989;1;0;1;1;3;8.38787339662759;2;6.937008370778
3;1;1;1;0;0;6887.8147348521;9269.87841350174;0.673789487637053;44.3103453124254;8520.63;0;0;1.38629436111989;1;0;0;1;4;8.83750914894737;2;9.26987841350174
3;0;0;1;0;0;5046.19694052394;10876.6321246999;0.743928106451195;63.5561125801109;6005.16;1;0;1.38629436111989;1;0;1;0;3;8.52639015747703;2;10.8766321246999
3;1;0;1;0;0;5978.40967238421;9786.3696104863;0.604805586005633;58.3179931903585;4201.84;1;0;1.38629436111989;1;0;0;1;4;8.69590987050321;2;9.7863696104863
3;1;1;1;0;0;3134.21169758157;9738.46137506011;0.521411015914369;76.0865797264693;2195.33;0;0;1.38629436111989;1;0;0;1;4;8.05013296932054;2;9.73846137506011
3;1;0;1;1;0;7242.90432070826;9487.7608165405;0.670880858565729;66.0057652947571;8545.51;1;0;1.38629436111989;1;0;0;1;4;8.88777755421;2;9.4877608165405
3;1;0;1;0;0;12294.9894441435;12287.4726909085;0.558792731143821;64.6576076141145;6113.91;0;0;1.38629436111989;1;0;0;1;4;9.41694709610121;2;12.2874726909085
3;0;0;0;0;0;8480.89640102485;8617.69407974317;0.677696445054322;57.4372399092675;6969.77;1;0;1.38629436111989;1;0;1;1;4;9.04557143086731;2;8.61769407974317
3;1;1;1;0;1;7429.18366123842;12079.0565738697;0.599424496012431;58.8700055649424;6477.83;0;0;1.38629436111989;1;0;0;1;3;8.91317126104819;2;12.0790565738697
3;1;0;1;0;0;6263.18137984351;12613.4981552078;0.635089036304296;53.7080911085622;6619.84;0;0;1.38629436111989;1;0;0;1;4;8.74244354264311;2;12.6134981552078
3;1;1;1;0;0;97965.9183483882;9564.38738971526;0.96294599375617;108.514893976393;15609.3;1;0;1.38629436111989;1;0;0;1;4;11.4923749252108;2;9.56438738971526
3;1;1;1;0;0;5587.04463781109;8177.99331575833;0.843990113317272;53.142667600539;6636.91;1;0;1.38629436111989;1;0;0;1;4;8.62820573901218;2;8.17799331575833
3;1;1;1;0;0;8454.08740247704;10500.8616602019;0.652333870445149;76.1722246239487;7791.32;1;1;1.38629436111989;1;0;0;1;4;9.04240531966769;2;10.5008616602019
3;1;1;1;1;0;30144.174163676;9435.08424334552;0.74451733200756;61.8534196869758;12605;1;1;1.38629436111989;1;0;0;1;4;10.3137469550822;2;9.43508424334552
3;1;0;1;0;0;8918.17350427526;9992.57139846924;0.637079562457931;48.3522085431715;5996.57;1;1;1.38629436111989;1;0;0;1;4;9.09584644051232;2;9.99257139846924
3;1;1;1;0;0;7945.46784122087;2244.67438311382;0.379065162160784;30.104290397097;6567.18;1;1;1.38629436111989;1;0;0;1;4;8.98035696222406;2;2.24467438311382
3;1;1;1;0;0;11809.8087879289;10166.5562917737;0.573423926319256;52.3129598139402;7550.02;1;1;1.38629436111989;1;0;0;1;4;9.37668571836846;2;10.1665562917737
3;0;0;0;0;0;84888.4630185392;9135.96180412665;0.979163939955485;89.5788941875225;13264.9;1;1;1.38629436111989;1;0;0;1;3;11.3490934740025;2;9.13596180412665
3;1;1;1;0;0;7362.63739024603;6561.74823696668;0.901150292929426;55.2135316840771;4640.09;1;1;1.38629436111989;1;0;0;1;4;8.90417348860013;2;6.56174823696668
2;0;0;0;0;0;3786.38103943027;13218.4556705335;0.682645110091842;52.4779987788665;830.964;0;0;1.09861228866811;0;0;1;1;4;8.23916597103415;1;13.2184556705335
2;1;1;1;0;0;5163.50667594558;11089.8374317414;0.71956215048193;52.9140231278696;763.905;0;0;1.09861228866811;0;0;0;1;4;8.54937121602155;1;11.0898374317414
2;1;1;1;0;0;3678.07790454521;9510.02370867474;0.704103759992885;56.9148623390976;1885.99;0;0;1.09861228866811;0;0;0;1;4;8.21014558616485;1;9.51002370867474
2;0;0;0;0;0;4334.96790995565;9566.39582502102;0.653142003565592;66.7801459270348;4939.6;0;0;1.09861228866811;0;0;1;1;4;8.37446948663953;1;9.56639582502102
2;1;0;1;0;0;2664.39338790113;5788.21935728665;0.793509420525528;48.5889403381475;4121.46;1;0;1.09861228866811;0;0;0;1;4;7.88773168888947;1;5.78821935728665
2;1;0;1;0;1;5537.2574937928;6272.60397350214;0.700697569108002;50.2436524862476;6695.93;1;0;1.09861228866811;0;0;0;1;4;8.61925461994844;1;6.27260397350214
2;1;1;1;0;0;5939.16041053513;12273.4372812032;0.775272366667487;64.1560839339988;9006.97;1;0;1.09861228866811;0;0;0;1;4;8.68932305733878;1;12.2734372812032
2;1;0;1;0;0;5866.9307100451;9410.76970818053;0.598682429191996;60.4851518303625;7192.25;1;0;1.09861228866811;0;0;0;1;4;8.67708689873938;1;9.41076970818053
2;1;0;1;1;0;1743.06904027676;6345.29653849068;0.704932708740874;72.8112780679364;1468.55;0;0;1.09861228866811;0;0;0;1;4;7.46340265476239;1;6.34529653849068
2;0;0;1;0;0;10211.7139560492;10000.5938926828;0.536933893014296;61.0969450505182;7695.8;1;0;1.09861228866811;0;0;1;1;3;9.23129076739809;1;10.0005938926828
2;1;0;1;0;0;11611.1596372802;12271.3545410222;0.723047753979592;89.4236910867054;3350.26;0;0;1.09861228866811;0;0;0;1;4;9.35972195232934;1;12.2713545410222
2;0;0;0;0;0;12765.7557223493;12796.2129371027;0.675418738549258;93.5884049558151;4005.28;0;0;1.09861228866811;0;0;1;1;4;9.45452153061407;1;12.7962129371027
2;1;0;1;0;0;5101.95690750222;7685.1828537453;0.819776175400231;59.5651086055783;4180.64;1;0;1.09861228866811;0;0;0;1;4;8.53737945246895;1;7.6851828537453
2;1;0;1;0;0;55001.6882502877;11124.3607216435;0.967990089883122;63.1882506125108;11752.8;1;0;1.09861228866811;0;0;0;1;3;10.9151191592033;1;11.1243607216435
2;1;1;1;0;0;9717.93680028906;13178.026107862;0.855940315064792;51.3461244505166;4826.03;0;0;1.09861228866811;0;0;0;1;4;9.18172861157869;1;13.178026107862
2;0;0;0;0;0;58910.5640979286;12406.3094903102;0.987210648842716;81.8327283993171;12278;0;0;1.09861228866811;0;0;0;1;3;10.9837757100586;1;12.4063094903102
2;0;0;0;0;0;2395.42566666619;4500.88891157456;0.537113385374264;57.316103188698;2566.46;0;0;1.09861228866811;0;0;1;1;3;7.78131622543729;1;4.50088891157456
2;1;1;1;0;0;2228.93902946663;4051.83921103664;0.514459542936079;46.6894430548051;3034.07;0;0;1.09861228866811;0;0;0;1;3;7.70928097969935;1;4.05183921103664
2;1;0;1;0;0;3186.00271527055;5505.70463113235;0.237830868776335;56.1161019148803;4622.83;1;0;1.09861228866811;0;0;0;1;3;8.06652234272027;1;5.50570463113235
2;0;0;0;0;0;5282.63240940518;7485.30247950863;0.700057833627203;97.6884165630636;5700.13;1;0;1.09861228866811;0;0;1;1;4;8.57217981484672;1;7.48530247950863
2;0;0;0;0;0;820.611122821987;1119.89404740881;0.389745608546363;34.1483559432664;2059.94;1;0;1.09861228866811;0;0;1;1;3;6.71004933441536;1;1.11989404740881
2;1;0;1;0;0;2823.53770900634;7233.30875685756;0.447804772236418;58.4340016222951;5355.61;0;0;1.09861228866811;0;0;0;1;4;7.94574588443591;1;7.23330875685756
2;0;0;0;0;0;1545.42984819009;8830.5130240793;0.499926604531526;61.1747171811636;3125.19;0;0;1.09861228866811;0;0;1;1;3;7.34305736952941;1;8.8305130240793
2;1;0;1;0;0;3639.76819426095;4855.79233847378;0.647398975690836;42.2858873830463;5823.54;0;0;1.09861228866811;0;0;0;1;4;8.1996752757076;1;4.85579233847378
2;1;0;0;0;0;3552.38566562432;8930.03175388865;0.490659793804786;67.457204474944;10109.3;1;0;1.09861228866811;0;0;0;1;4;8.17537467525188;1;8.93003175388865
2;0;0;0;0;0;3772.25215402128;10874.0369760968;0.590499391344034;64.2681536544748;7046.17;1;0;1.09861228866811;0;0;1;1;4;8.23542749041123;1;10.8740369760968
2;1;0;1;0;0;4747.78568699262;5975.41145303744;0.56201292127669;48.2959896762756;3331.93;0;0;1.09861228866811;0;0;0;1;4;8.46543361717768;1;5.97541145303744
2;0;0;0;0;1;4512.88232625162;11226.5109167461;0.715160613702371;61.7336303415959;5228.13;1;0;1.09861228866811;0;0;1;1;4;8.41469132509123;1;11.2265109167461
2;0;0;1;0;0;5609.00826831459;13318.9177131136;0.78310868674101;57.5133052531249;5510.07;0;0;1.09861228866811;0;0;1;1;4;8.63212920362288;1;13.3189177131136
2;0;0;0;0;0;4077.95297990624;10886.628438681;0.643913423001954;91.7849626403662;3328.04;0;0;1.09861228866811;0;0;1;1;4;8.31335042088309;1;10.886628438681
2;0;0;1;0;0;5125.03349732426;12733.7957453404;0.595147554939309;48.3858774119032;5561.66;0;0;1.09861228866811;0;0;1;1;4;8.54189234004852;1;12.7337957453404
2;0;0;1;0;0;4190.9395123972;10956.7186839337;0.425053283249392;74.4912721519528;1804.26;0;0;1.09861228866811;0;0;1;1;4;8.34068021508343;1;10.9567186839337
2;1;0;1;0;0;7754.96844934089;9753.49150887913;0.684077709946727;79.7617971884454;7303.52;1;0;1.09861228866811;0;0;0;1;4;8.95608900717437;1;9.75349150887913
2;1;1;1;0;0;9161.60744503715;11169.1372984809;0.657379962121635;74.9070237199153;7552.11;0;0;1.09861228866811;0;0;0;1;4;9.1227769275385;1;11.1691372984809
2;1;0;1;0;0;6027.02020121865;12790.4565866588;0.642660526221873;54.068319701837;6975.8;0;0;1.09861228866811;0;0;0;1;4;8.70400800526416;1;12.7904565866588
2;0;0;0;0;1;14807.7144553662;14092.7575376559;0.64573390521657;102.645429076398;6755.33;0;0;1.09861228866811;0;0;1;1;4;9.60290357093439;1;14.0927575376559
2;0;0;0;0;0;13223.1327411548;12598.766344737;0.761122328881512;97.1509320046873;5358.65;0;0;1.09861228866811;0;0;1;1;4;9.48972305516293;1;12.598766344737
2;1;0;1;0;0;15458.8253661805;7209.71948890384;0.827749827460473;95.9278101628432;10905.7;1;0;1.09861228866811;0;0;0;1;4;9.64593534035322;1;7.20971948890384
2;0;0;1;0;0;15250.220601646;13836.3284860482;0.656057168138889;100.899140897511;6061.97;0;0;1.09861228866811;0;0;1;1;4;9.63234924761264;1;13.8363284860482
2;1;1;1;0;0;31484.7889705055;11271.2651914803;0.87586510698432;113.062832068107;10895.2;0;0;1.09861228866811;0;0;0;1;4;10.3572598183597;1;11.2712651914803
2;1;1;1;0;0;4875.11184705888;10069.2103195829;0.739123562896498;60.5624036004635;3065.02;1;0;1.09861228866811;0;0;0;1;4;8.4918983261552;1;10.0692103195829
2;0;0;1;0;0;80787.99447362;5038.2393276249;0.926748848000336;145.994101845847;14054.1;1;0;1.09861228866811;0;0;1;0;3;11.2995836502223;1;5.0382393276249
2;1;1;1;0;0;36219.2788978629;5346.57542778851;0.80743941523086;37.6654000431184;8859.66;1;0;1.09861228866811;0;0;0;1;3;10.4973468222901;1;5.34657542778851
2;1;0;1;0;0;2343.72856698104;5274.69315332151;0.39312831087144;51.5546192835288;1544.71;0;0;1.09861228866811;0;0;0;0;4;7.75949834492215;1;5.27469315332151
2;0;0;0;0;0;3917.50421800929;9287.1492812658;0.798741720275084;52.6895342843072;3754.92;1;0;1.09861228866811;0;0;1;1;4;8.27321005093905;1;9.2871492812658
2;1;1;1;0;0;3210.31970212121;8468.88346732748;0.721991023684147;47.5839225685648;2656.16;0;0;1.09861228866811;0;0;0;1;4;8.07412580684113;1;8.46888346732748
2;1;1;1;0;0;3297.41653737704;6369.5651482112;0.688215599915428;49.9267098683168;6067.94;0;0;1.09861228866811;0;0;0;1;4;8.10089457339231;1;6.3695651482112
2;1;1;1;0;0;4768.76016439136;2981.21234375707;0.655819602758404;31.776032273785;5421.69;1;1;1.09861228866811;0;0;0;1;4;8.46984162648871;1;2.98121234375707
2;1;0;1;1;0;5480.22813058162;6428.83521806693;0.438481297553634;57.6215376550233;8023.97;1;1;1.09861228866811;0;0;0;1;4;8.60890200874375;1;6.42883521806693
2;0;0;0;0;0;4740.03385194859;9498.01063716513;0.628876807908249;75.5939097618738;8329.15;1;1;1.09861228866811;0;0;0;1;3;8.46379955642493;1;9.49801063716513
2;1;0;1;0;0;4293.29750784021;4023.33326857251;0.748777179308407;51.7613299428416;4321.88;1;1;1.09861228866811;0;0;0;1;3;8.36481036650826;1;4.02333326857251
2;1;0;1;0;0;106496.104960725;2878.57902321525;0.819709604211578;99.3817640455459;15794.4;1;1;1.09861228866811;0;0;0;1;4;11.5758636903241;1;2.87857902321525
2;1;1;1;0;0;3164.12437160384;5778.84655675269;0.321378449043428;68.2129870633797;3976.65;1;1;1.09861228866811;0;0;0;1;4;8.05963163646007;1;5.77884655675269
2;1;1;1;1;0;10172.2526508391;1054.74831053872;0.153568045727047;29.9279261984087;8043.36;1;1;1.09861228866811;0;0;0;1;4;9.22741896410606;1;1.05474831053872
2;1;0;1;0;0;15502.3825701886;6809.23609726223;0.839527344496266;97.3737823841267;11163.2;1;1;1.09861228866811;0;0;0;1;4;9.64874900530024;1;6.80923609726223
2;1;1;1;1;0;6788.76170574337;6693.03697070973;0.688438502026;28.9673487688501;5034.96;1;1;1.09861228866811;0;0;0;1;3;8.8230238336331;1;6.69303697070973
2;0;0;0;0;0;4370.99346343427;9370.49390299061;0.772478720229338;54.3518017267236;5870.47;1;1;1.09861228866811;0;0;0;1;3;8.38274559942277;1;9.37049390299061
1;1;1;1;0;0;1978.82077151064;14217.5315047709;0.48969771970755;51.927462188624;0;0;0;0.693147180559945;0;0;0;1;4;7.59025637632223;1;14.2175315047709
1;1;1;1;0;0;3709.35393948942;9807.58952592779;0.714212084709681;55.9604647379312;1984.28;0;0;0.693147180559945;0;0;0;1;4;8.21861300013795;1;9.80758952592779
1;1;1;1;1;0;3655.0449864237;12906.3980304822;0.745279437760011;59.5667884083958;0;0;0;0.693147180559945;0;0;0;1;4;8.20386368029519;1;12.9063980304822
1;0;0;0;0;0;5479.91262709336;9835.46986765669;0.748247963235227;50.3771904039876;20.3203;0;0;0.693147180559945;0;0;1;1;4;8.60884443585389;1;9.83546986765669
1;1;1;1;0;0;4707.10335342878;12025.1114723578;0.713610980666188;54.9853813244668;830.842;0;0;0.693147180559945;0;0;0;1;4;8.45682799854882;1;12.0251114723578
1;1;0;1;0;0;2094.01940624659;14219.8106875945;0.502507625507254;51.3470028245013;0;0;0;0.693147180559945;0;0;0;1;4;7.64684065893605;1;14.2198106875945
1;1;0;1;0;0;3330.04530620024;6784.95025175613;0.694623111960344;47.2869440278495;3080.07;1;0;0.693147180559945;0;0;0;1;3;8.11074118834747;1;6.78495025175613
1;0;0;0;0;0;4372.53090294489;8122.84698923954;0.777177469912165;50.9512256260538;1095.83;0;0;0.693147180559945;0;0;1;1;4;8.38309727443665;1;8.12284698923954
1;0;0;0;0;0;4577.36546660617;7771.22618671304;0.807059129182732;49.3723161277486;1085.08;0;0;0.693147180559945;0;0;1;1;3;8.42887888597065;1;7.77122618671304
1;0;0;0;0;0;10956.7276481877;6295.80683429907;0.797692563320753;95.1394522241297;4231.3;0;0;0.693147180559945;0;0;1;1;3;9.30170894367479;1;6.29580683429907
1;1;1;1;0;0;3746.96588842456;821.533126798331;0.645456422482168;22.3500050625489;6213.73;1;0;0.693147180559945;0;0;0;1;4;8.22870169504917;1;0.821533126798331
1;0;0;0;0;0;6233.59661918876;8160.79873570683;0.768576491470265;103.13984339093;7627.3;0;0;0.693147180559945;0;0;1;1;3;8.73770875165508;1;8.16079873570683
1;0;0;0;0;0;4588.32003774746;7131.51291620492;0.714536252458339;98.2371154825522;4841.9;0;0;0.693147180559945;0;0;1;1;4;8.43126923121042;1;7.13151291620492
1;0;0;0;0;1;3333.86689065458;5586.57117674282;0.499443769473269;62.0136900327647;0;0;0;0.693147180559945;0;0;1;1;4;8.11188813769506;1;5.58657117674282
1;0;0;0;0;0;3830.41954507186;5143.40564265972;0.416554780393739;51.7037909409297;5188.44;0;0;0.693147180559945;0;0;1;1;3;8.25072961796965;1;5.14340564265972
1;1;0;1;0;0;6610.29630069985;7146.85486571972;0.483032635340387;55.5084970300871;4942.24;0;0;0.693147180559945;0;0;0;1;4;8.79638375796813;1;7.14685486571972
1;0;0;0;0;0;3981.20779008891;5733.28130136356;0.450063591335664;50.8231660518297;10919.6;1;0;0.693147180559945;0;0;1;1;3;8.2893405170888;1;5.73328130136356
1;0;0;0;0;0;3809.98400630367;9238.40815252302;0.635428363234131;58.32858680826;4217.42;0;0;0.693147180559945;0;0;1;1;3;8.24538027029138;1;9.23840815252302
1;1;1;1;0;0;3083.23408811954;5178.27076048129;0.770819084475219;47.4734786448014;6068.11;1;0;0.693147180559945;0;0;0;1;4;8.03373435368342;1;5.17827076048129
1;0;0;0;0;0;3286.38886041925;12086.8745270744;0.494036957052389;58.3112021488546;6859.55;0;0;0.693147180559945;0;0;1;1;4;8.0975446301287;1;12.0868745270744
1;0;0;0;0;0;10068.3137423899;11316.5377760652;0.71043796843976;80.2439552128585;8178.41;1;0;0.693147180559945;0;0;1;1;4;9.21714851810478;1;11.3165377760652
1;1;1;1;0;0;7176.15527773214;10724.5688598529;0.394106351687322;60.2020373129799;5777.2;1;0;0.693147180559945;0;0;0;1;3;8.87851904198448;1;10.7245688598529
1;0;0;0;0;0;2610.79479046232;7681.53698486609;0.823285779224529;38.4402755300794;5807.17;0;0;0.693147180559945;0;0;1;1;3;7.86740997137923;1;7.68153698486609
1;1;0;1;0;0;4826.1086015819;7905.10847482224;0.809157219901909;59.9875864157345;3984.78;1;0;0.693147180559945;0;0;0;1;4;8.48179574936773;1;7.90510847482224
1;1;1;1;0;0;122538.33564125;7761.88509460022;0.950209115770422;95.4922938437341;16776.2;1;0;0.693147180559945;0;0;0;1;4;11.7161792040204;1;7.76188509460022
1;1;1;1;0;0;105227.793647527;2711.90695389986;0.867945721050238;129.517005484193;15395.9;1;0;0.693147180559945;0;0;0;1;4;11.563882742562;1;2.71190695389986
1;0;0;0;0;0;5287.53438769628;3599.12295401448;0.474848548658999;36.4087466171271;4948.99;1;0;0.693147180559945;0;0;1;1;3;8.57310732691661;1;3.59912295401448
1;1;0;1;0;0;4864.78998297688;7236.23030433869;0.836714800183753;49.5463428640424;7680.69;1;0;0.693147180559945;0;0;0;1;4;8.48977882472157;1;7.23623030433869
1;0;0;0;0;0;4864.87980656497;8314.59145238174;0.792748934198898;109.063605985665;5724.01;0;0;0.693147180559945;0;0;1;1;4;8.48979728857287;1;8.31459145238174
1;1;0;1;0;0;5331.01601194642;7155.70803843205;0.796174970656419;76.8476723928545;5669.46;1;0;0.693147180559945;0;0;0;1;4;8.58129712037226;1;7.15570803843205
1;1;1;1;0;0;6125.94273282189;7341.21713959755;0.7777801961209;90.2686883379229;8294.37;1;0;0.693147180559945;0;0;0;1;4;8.7202879391319;1;7.34121713959755
1;0;0;1;0;0;2850.29956511382;5707.49801499164;0.49996688580898;75.6900731362302;5557.38;1;0;0.693147180559945;0;0;1;1;3;7.95517937830522;1;5.70749801499164
1;1;0;1;0;0;2788.22185909856;7177.37115970968;0.688473224662933;62.0300612325735;3960.82;1;0;0.693147180559945;0;0;0;1;4;7.93315934514858;1;7.17737115970968
1;0;0;0;0;0;3659.17540324928;9624.78412598523;0.345103957504064;53.0317220159522;3298.45;0;0;0.693147180559945;0;0;1;1;4;8.20499310135297;1;9.62478412598523
1;1;0;0;0;0;2280.63247333103;7880.34185370985;0.485954959830996;67.4661768765257;8142.14;1;0;0.693147180559945;0;0;1;0;3;7.73220808406384;1;7.88034185370985
1;1;1;1;0;0;1175.86598485583;4852.28011644629;0.48137517971987;47.5341385514818;3339.27;1;0;0.693147180559945;0;0;0;1;3;7.06976016350889;1;4.85228011644629
1;0;0;0;0;0;1948.14492614934;7146.11898475533;0.843717906425356;76.6221051252792;4614.04;1;0;0.693147180559945;0;0;1;1;4;7.57463287884239;1;7.14611898475533
1;0;0;0;0;0;4286.79787865463;7939.84998900194;0.728652528500519;65.7776329487893;6526.28;0;0;0.693147180559945;0;0;1;1;4;8.3632953179835;1;7.93984998900194
1;0;0;0;0;0;1973.40092485037;7595.19983485242;0.498444921997346;53.9289288444166;3658.77;0;0;0.693147180559945;0;0;1;1;4;7.5875136910813;1;7.59519983485242
1;1;0;1;0;0;4465.11192889623;7373.01064897302;0.460775786613455;45.494831228933;3970.14;1;0;0.693147180559945;0;0;0;1;4;8.40404956105827;1;7.37301064897302
1;0;0;0;0;0;2317.42363196068;8112.93778680296;0.259834899500303;44.3403448298982;8007.09;1;0;0.693147180559945;0;0;1;1;4;7.74821134412928;1;8.11293778680296
1;1;0;1;0;0;3886.4872443702;6436.18558573496;0.477483723128461;53.5391407200428;11367.1;1;0;0.693147180559945;0;0;0;1;4;8.26526100662969;1;6.43618558573496
1;0;0;1;0;0;3329.01216915698;11153.2483858394;0.427219039081199;57.0357761956223;7188.8;0;0;0.693147180559945;0;0;1;1;4;8.11043089306759;1;11.1532483858394
1;1;1;1;0;0;4395.49459623617;9760.47018114693;0.679946759498963;59.1078382055971;4538.96;0;0;0.693147180559945;0;0;0;1;4;8.38833533990501;1;9.76047018114693
1;0;0;0;0;0;3912.94313906337;10455.6920917211;0.612381753358828;62.2477964483734;5937.84;0;0;0.693147180559945;0;0;1;1;4;8.27204509081512;1;10.4556920917211
1;0;0;1;0;0;4294.16957961743;9993.58694908095;0.655135830995151;59.6574741598441;4586.95;0;0;0.693147180559945;0;0;1;1;4;8.36501346988469;1;9.99358694908095
1;0;0;0;0;0;7101.84139950623;9815.74580082274;0.605366191797937;48.3466992643863;8610.6;1;0;0.693147180559945;0;0;1;1;3;8.86810938144661;1;9.81574580082274
1;1;0;1;0;0;7120.15997563442;10225.6903756986;0.612861685624047;52.1903146151124;8303.95;1;0;0.693147180559945;0;0;0;1;4;8.87068547264159;1;10.2256903756986
1;0;0;1;0;0;4528.82084776311;11250.7861003269;0.775149098122812;69.2944329340942;5291.73;0;0;0.693147180559945;0;0;1;1;4;8.4182168860865;1;11.2507861003269
1;0;0;0;0;0;6435.88585197163;7395.61008500463;0.616768128367653;46.5603196232018;7204.15;0;0;0.693147180559945;0;0;1;1;4;8.7696447720898;1;7.39561008500463
1;0;0;0;0;0;4179.00136954592;9772.71353630776;0.759522250265449;60.9955375673943;5158.45;0;0;0.693147180559945;0;0;1;1;4;8.33782759016883;1;9.77271353630776
1;1;1;1;0;0;6649.4011775093;13686.1150483875;0.779851649562513;53.2882315450456;5836.48;1;0;0.693147180559945;0;0;0;1;4;8.80228208110045;1;13.6861150483875
1;0;0;1;0;0;2143.69015423658;5373.16101891401;0.655537432345025;64.9607256626746;4133.9;0;0;0.693147180559945;0;0;1;1;4;7.67028399413348;1;5.37316101891401
1;0;0;0;0;0;7579.37496436602;11479.1492935547;0.627975341802209;70.5094983491316;9012.25;1;0;0.693147180559945;0;0;1;1;4;8.93318601670962;1;11.4791492935547
1;0;0;1;0;0;13183.302063331;10265.9441192911;0.506605968496422;77.8878420286273;7737.88;0;0;0.693147180559945;0;0;1;1;4;9.48670631259044;1;10.2659441192911
1;0;0;0;0;0;11113.2464592556;10459.0937909961;0.787866559500642;89.4648726837237;7930.87;0;0;0.693147180559945;0;0;1;1;4;9.31589305050255;1;10.4590937909961
1;0;0;1;0;0;13209.5275704908;13130.8379674453;0.710917020608155;77.6570962869685;7634.97;0;0;0.693147180559945;0;0;0;1;3;9.48869363385572;1;13.1308379674453
1;0;0;1;0;0;10876.5592791855;11966.1421880128;0.740501744643563;73.4452245011969;8036.99;1;0;0.693147180559945;0;0;1;1;3;9.29436522767274;1;11.9661421880128
1;0;0;1;0;1;6502.40257184823;10197.3875735126;0.780980716848744;58.9432431484755;3686.79;0;0;0.693147180559945;0;0;1;1;4;8.77992701402689;1;10.1973875735126
1;1;0;1;0;0;24890.7451682464;11550.3978749992;0.834921186165305;104.437450543371;8562.09;1;0;0.693147180559945;0;0;0;1;4;10.1222513333726;1;11.5503978749992
1;0;0;1;0;0;2599.46412171218;4008.65414013591;0.71922734946632;77.2934664075501;1521.63;0;0;0.693147180559945;0;0;1;1;4;7.86306059573282;1;4.00865414013591
1;0;0;0;0;0;111421.093544713;8585.14852607528;0.961486571816446;94.7118258063771;16172.3;0;0;0.693147180559945;0;0;1;1;3;11.6210719381444;1;8.58514852607528
1;1;1;1;0;0;132723.042457739;2816.02216016183;0.828357038346963;130.260128081332;17737.7;1;0;0.693147180559945;0;0;0;1;4;11.7960198484845;1;2.81602216016183
1;0;0;0;0;0;5713.00116092374;5385.75655109645;0.822691663767607;42.5216537211625;4590.83;0;0;0.693147180559945;0;0;1;1;4;8.65049976193182;1;5.38575655109645
1;1;1;1;0;0;43059.3100492553;2158.23150145226;0.852028319568679;124.42219892833;8270.89;1;0;0.693147180559945;0;0;0;1;3;10.6703337477815;1;2.15823150145226
1;0;0;0;0;0;113913.141054662;3230.57327602185;0.877717129765426;92.4682283182659;15755.4;0;0;0.693147180559945;0;0;1;1;3;11.6431915163945;1;3.23057327602185
1;0;0;0;0;0;15021.8244238764;9916.93933238823;0.878500853207053;69.5471297145039;9026.66;1;0;0.693147180559945;0;0;1;1;3;9.61725938424505;1;9.91693933238823
1;1;1;1;0;0;6042.18575572718;6168.48363638855;0.533280175769045;45.6952769110809;4801.33;0;0;0.693147180559945;0;0;0;1;4;8.70652110555334;1;6.16848363638855
1;0;0;1;0;0;7528.08348406607;11700.482111195;0.841529254951413;61.7305916101076;5854.18;1;0;0.693147180559945;0;0;1;1;4;8.92639577101059;1;11.700482111195
1;0;0;1;0;0;7858.49354580929;10635.8175283378;0.741870299068561;57.9409815136189;4280.72;0;0;0.693147180559945;0;0;1;1;4;8.96935020621545;1;10.6358175283378
1;0;0;1;0;0;1739.87833973961;4340.53159556028;0.0529918051901475;50.252968424648;773.623;0;0;0.693147180559945;0;0;1;1;3;7.4615704700742;1;4.34053159556028
1;1;0;1;0;0;8006.11827223889;6494.79660698192;0.905815190650072;69.3216129463758;3496.96;1;0;0.693147180559945;0;0;0;1;4;8.98796131239355;1;6.49479660698192
1;0;0;1;0;0;7123.4217772969;7534.59715446538;0.873979998376477;71.4401456535907;3414.13;0;0;0.693147180559945;0;0;1;0;3;8.87114347566022;1;7.53459715446538
1;0;0;0;0;0;3782.67931729385;7742.25977879708;0.772162955987786;54.6460130572509;2784.4;0;0;0.693147180559945;0;0;1;1;4;8.23818785162247;1;7.74225977879708
1;0;0;0;0;0;2218.72800562611;8493.49055501415;0.7685067686288;58.1563548487595;4894.49;0;0;0.693147180559945;0;0;1;1;4;7.70468934021735;1;8.49349055501415
1;1;0;1;0;0;3734.39035220002;6857.52073935465;0.219010765607483;29.7107981214162;4108.35;1;1;0.693147180559945;0;0;0;1;4;8.2253398585949;1;6.85752073935465
1;0;0;0;0;0;2701.33659828324;7521.53870518905;0.674598513509921;78.7539188094275;7699.25;1;1;0.693147180559945;0;0;0;0;3;7.90150196590352;1;7.52153870518905
1;0;0;0;1;0;6762.64196240774;6836.49072975953;0.441089016182042;34.5408783725643;8681.13;0;1;0.693147180559945;0;0;1;1;3;8.81916891552704;1;6.83649072975953
1;1;1;1;1;0;2162.46738544813;5494.94612227081;0.607559874905378;52.0979630429415;5325.19;1;1;0.693147180559945;0;0;0;1;3;7.6790051568186;1;5.49494612227081
1;1;0;1;0;0;6424.94652563711;6776.49428192423;0.868799608203979;82.0719684352082;7635.34;1;1;0.693147180559945;0;0;0;1;4;8.76794358687075;1;6.77649428192423
1;1;0;1;1;0;1359.91290552409;7838.83797055704;0.56911690290408;59.4152056929015;4381.51;1;1;0.693147180559945;0;0;0;1;3;7.21517593662363;1;7.83883797055704
1;1;0;1;0;0;2206.9507364546;4013.10283975663;0.454511089449449;54.3928451507079;9546.36;1;1;0.693147180559945;0;0;0;1;4;7.69936708450992;1;4.01310283975663
1;1;0;1;0;0;2044.98406579279;7815.92520326888;0.406665045438959;36.2681247735462;4383.45;1;1;0.693147180559945;0;0;0;1;3;7.62314527665818;1;7.81592520326888
1;1;1;1;1;0;2682.17312004484;3298.10264384939;0.538582916476096;55.0896269401352;9581.45;1;1;0.693147180559945;0;0;0;1;3;7.8943826106193;1;3.29810264384939
1;1;0;1;0;0;6907.9077377811;4395.56463700842;0.636937873317057;24.6777001214591;7402.17;1;1;0.693147180559945;0;0;0;1;4;8.84042208332635;1;4.39556463700842
1;1;1;1;0;0;2027.28092002467;9705.4687089965;0.268850539605337;46.6030777146279;7264.11;1;1;0.693147180559945;0;0;0;1;3;7.61445072590945;1;9.7054687089965
1;0;0;0;1;0;2720.84288013506;9406.2440061261;0.299198944903717;51.0291087570197;7522.73;1;1;0.693147180559945;0;0;0;1;3;7.908696993689;1;9.4062440061261
1;0;0;0;0;0;11099.8627088824;3903.61218576098;0.469314302007848;35.7600902768034;2357.62;0;1;0.693147180559945;0;0;0;1;3;9.31468801865478;1;3.90361218576098
1;1;1;1;1;1;4397.99414202716;6300.07231267709;0.894289947799003;47.7723698944352;7401.86;1;1;0.693147180559945;0;0;0;1;3;8.38890383915092;1;6.30007231267709
0;0;0;1;0;1;4050.36898454058;8272.06923964122;0.819496365043781;49.3212753805219;188.042;0;0;0;0;0;1;0;3;8.30656326324454;0;8.27206923964122
0;0;0;0;0;0;3713.89214628464;8445.27286269566;0.636654179015634;51.7143835761418;1270.33;0;0;0;0;0;1;1;3;8.21983570171841;0;8.44527286269566
0;0;0;0;0;1;1481.96282118028;6024.23290403246;0.203206616020211;33.3311807624409;0;0;0;0;0;0;1;1;3;7.30112271861846;0;6.02423290403246
0;0;0;0;0;0;1503.80628867429;2498.52433364512;0.0334807349193827;37.8453249072962;303.813;0;0;0;0;0;1;1;4;7.31575469879068;0;2.49852433364512
0;0;0;0;0;0;1250.50952315997;3831.83793154371;0.107085065419163;49.9302686118501;593.388;0;0;0;0;0;1;1;4;7.13130636577046;0;3.83183793154371
0;0;0;0;0;0;2131.18268086487;14381.2632021493;0.493716019244221;53.5506135918467;0;0;0;0;0;0;1;1;3;7.66443235384199;0;14.3812632021493
0;0;0;0;0;0;4204.68399623109;9392.165561436;0.707099816830719;53.6629444262944;648.866;0;0;0;0;0;1;1;3;8.34395442005431;0;9.392165561436
0;0;0;0;0;0;4600.53924505134;9596.70289943246;0.716363111052949;54.9342909810963;711.089;0;0;0;0;0;1;1;4;8.43392880279169;0;9.59670289943246
0;0;0;1;0;0;3546.48053348671;13759.595328761;0.677337841896985;52.8460755668497;0;0;0;0;0;0;1;1;4;8.17371099169058;0;13.759595328761
0;0;0;1;0;0;2479.3129703598;14261.9041104871;0.497178558178496;49.9121066365891;0;0;0;0;0;0;1;1;4;7.81573677269894;0;14.2619041104871
0;0;0;0;0;0;1726.8938150046;6446.84963287979;0.497028030650612;58.3672924124237;1498.38;0;0;0;0;0;1;1;3;7.45407959102454;0;6.44684963287979
0;0;0;1;0;0;4068.07042685584;7279.55539560105;0.609285519547921;92.9494215078346;3295.5;0;0;0;0;0;1;1;4;8.3109240694217;0;7.27955539560105
0;0;0;0;0;0;1600.65782517702;8918.69467093561;0.658905714382817;56.180633118994;4684.66;0;0;0;0;0;0;1;4;7.37816996446832;0;8.91869467093561
0;0;0;0;0;0;1878.76634416255;12358.6926674866;0.490993858546592;63.0256633098046;4079.78;0;0;0;0;0;0;1;3;7.53837064051706;0;12.3586926674866
0;1;0;0;0;0;787.862816664895;5723.16904805745;0.324107606171935;73.7347217000931;3696.96;0;0;0;0;0;0;1;3;6.66932398417558;0;5.72316904805745
0;0;0;0;0;0;3062.12423559591;5203.76888348427;0.427353027135701;65.1234088672971;813.356;0;0;0;0;0;1;1;4;8.02686414874397;0;5.20376888348427
0;0;0;0;0;0;2451.46160874661;5668.17795610694;0.389313388930032;66.7323737366288;3909.57;0;0;0;0;0;1;1;3;7.80443970065727;0;5.66817795610694
0;0;0;0;0;0;3283.29739932917;5845.25054324201;0.786711186225667;47.8535358872235;6948.45;1;0;0;0;0;1;0;3;8.09660350107139;0;5.84525054324201
0;0;0;1;0;0;4279.52256294067;6128.43001160569;0.537234021498524;63.092120863181;7768.75;0;0;0;0;0;1;1;3;8.3615967316388;0;6.12843001160569
0;0;0;0;0;0;4543.62981214681;7219.80219025086;0.657229280977893;44.342540244597;4452.6;0;0;0;0;0;1;1;3;8.42148148968507;0;7.21980219025086
0;0;0;0;0;0;1762.44239123052;8511.85506595661;0.494911662729611;58.92917596676;4473.19;0;0;0;0;0;0;1;3;7.47445584832557;0;8.51185506595661
0;0;0;0;0;0;1401.50986421774;5969.03907107802;0.498951275280576;79.9910558474611;6516.64;0;0;0;0;0;1;1;4;7.24530540890882;0;5.96903907107802
0;0;0;0;0;0;1377.32712457214;6431.93395944731;0.496670639812025;81.3254267846245;6472.69;0;0;0;0;0;1;1;3;7.2279000337482;0;6.43193395944731
0;0;0;0;0;0;1230.01911086092;5210.9881899422;0.713391790117042;64.5665950601818;4023.35;0;0;0;0;0;1;1;4;7.11478498553106;0;5.2109881899422
0;0;0;0;0;0;4368.47221286057;8102.94295642634;0.637775813624547;54.422141774504;4928.28;0;0;0;0;0;1;0;3;8.38216861892144;0;8.10294295642634
0;0;0;0;0;0;1967.56962676543;7407.35814637734;0.620589052984247;80.3116305669839;7970.5;0;0;0;0;0;1;1;3;7.58455436811035;0;7.40735814637734
0;0;0;0;0;0;475.355893445448;4863.6190444593;0.41474153827966;77.024881611116;2534.18;0;0;0;0;0;1;1;3;6.1640637728463;0;4.8636190444593
0;0;0;1;0;0;1748.99635022728;7155.14293616992;0.499564294949526;78.2656573758528;6103.21;0;0;0;0;0;1;1;4;7.46679738823957;0;7.15514293616992
0;0;0;0;0;0;1836.0507409362;6767.71463450753;0.913164897705697;74.9347662955626;4197.77;0;0;0;0;0;0;1;3;7.51537220747404;0;6.76771463450753
0;0;0;0;0;0;2049.66813786408;7451.66839682046;0.499961792498805;61.3697052618299;2878.75;0;0;0;0;0;1;1;3;7.62543317505909;0;7.45166839682046
0;0;0;1;0;0;3193.2166946663;9456.39624030009;0.581509136389234;75.0966556337034;3115.2;0;0;0;0;0;1;1;3;8.06878405595111;0;9.45639624030009
0;1;0;1;0;0;5699.83028135491;8269.40202536017;0.62013871576234;65.9966244418317;3974.21;0;0;0;0;0;0;1;4;8.64819167817846;0;8.26940202536017
0;0;0;1;0;0;6143.93458423141;7281.09852375744;0.518859373904329;53.5459186530879;5071.3;0;0;0;0;0;1;1;4;8.72322062767308;0;7.28109852375744
0;1;1;1;0;1;3014.19533195209;1198.5123370364;0.498808721700561;14.4791564537913;3139.12;1;0;0;0;0;0;1;4;8.01108818529885;0;1.1985123370364
0;0;0;0;0;0;3146.46949440026;6245.43974269427;0.663557883847196;53.7617294046579;2815.9;0;0;0;0;0;1;1;4;8.05403630783029;0;6.24543974269427
0;0;0;0;0;0;4734.15686067853;6002.42689601415;0.376721434320856;53.8813798046768;6040.67;0;0;0;0;0;0;1;3;8.46255892443806;0;6.00242689601415
0;0;0;0;0;0;2229.29581173857;5129.45018868821;0.849135338949654;43.8347618496302;4626.24;0;0;0;0;0;1;1;3;7.70944103509589;0;5.12945018868821
0;0;0;0;0;0;3666.39049877254;7990.29917363352;0.493014040032782;70.8610483035341;10323.4;0;0;0;0;0;1;1;4;8.20696294175924;0;7.99029917363352
0;1;0;1;0;0;4294.36057098716;6492.94379111539;0.755105877098165;49.725911675205;5853.27;1;0;0;0;0;0;1;4;8.36505794579999;0;6.49294379111539
0;0;0;0;0;0;3002.9419744762;6081.27042231696;0.716278486011838;56.0629805848626;2653.61;0;0;0;0;0;1;1;3;8.0073477452779;0;6.08127042231696
0;0;0;0;0;0;2432.0744721406;4772.79003005459;0.791032391433596;48.2368711456609;5248.18;0;0;0;0;0;1;1;4;7.79649986438556;0;4.77279003005459
0;0;0;0;0;0;5664.02828361983;9648.010867182;0.795169366557538;61.7411749394016;5019.2;0;0;0;0;0;1;1;3;8.64189062893804;0;9.648010867182
0;0;0;1;1;0;2011.31373845404;4411.81267759184;0.296554787012238;38.9876407590292;2815.52;0;0;0;0;0;1;1;3;7.60654338876978;0;4.41181267759184
0;0;0;1;0;0;4412.79446172261;6275.87609085168;0.670538665453144;51.9292364689906;3754.05;0;0;0;0;0;1;1;4;8.39226343254984;0;6.27587609085168
0;0;0;0;0;0;4934.87392736067;8827.17943209139;0.601232664960216;65.9349551211412;6420.69;0;0;0;0;0;0;0;3;8.50408240490715;0;8.82717943209139
0;0;0;0;0;0;13497.6347534887;10993.6656725566;0.526203670917587;76.4486735272287;7038.22;0;0;0;0;0;1;1;4;9.51026974563132;0;10.9936656725566
0;0;0;0;0;0;8107.77791096828;9218.72619671508;0.74051363328892;81.3870417508476;6431.53;0;0;0;0;0;1;1;4;9.00057911585094;0;9.21872619671508
0;1;0;1;0;0;10793.5126428218;9912.63846660465;0.582209926468112;49.4108363462862;6615.04;0;0;0;0;0;0;1;4;9.28670055141087;0;9.91263846660465
0;0;0;0;0;0;2608.098977898;14426.8239924172;0.671598652403835;51.4342113215229;5430.98;0;0;0;0;0;1;1;4;7.8663768739744;0;14.4268239924172
0;0;0;1;0;0;8234.03502496906;13201.7392692495;0.675681811955139;95.9341558014442;6037.56;0;0;0;0;0;1;1;4;9.0160314560212;0;13.2017392692495
0;0;0;0;0;1;12303.5260797812;10074.5986675205;0.467871239534158;55.4231531391608;8480.55;0;0;0;0;0;1;1;4;9.41764117343055;0;10.0745986675205
0;1;1;1;0;0;11545.8471222185;11742.1950625863;0.767621905751998;97.7699907169049;7836.45;0;0;0;0;0;0;1;4;9.35408109477612;0;11.7421950625863
0;0;0;0;0;0;8453.32462024754;9891.63959690422;0.346594295200409;64.2992131804987;6203.31;1;0;0;0;0;1;1;3;9.04231508915471;0;9.89163959690422
0;0;0;0;0;0;1394.94662267983;10694.7598292358;0.755024248445062;43.4299991965118;1420.6;0;0;0;0;0;1;1;3;7.24061143021146;0;10.6947598292358
0;0;0;0;0;0;751.646104342645;4972.86798260059;0.38501813152727;61.900603392088;1718.6;0;0;0;0;0;1;1;3;6.62226560725278;0;4.97286798260059
0;0;0;0;0;0;813.314597456406;5046.37451585827;0.436741393177032;63.5249775066967;2256.73;0;0;0;0;0;1;1;3;6.70111799343955;0;5.04637451585827
0;0;0;1;0;0;18815.9047325366;9431.7347119184;0.828189417129234;97.0446562267933;10574.7;1;0;0;0;0;0;1;3;9.8424577875763;0;9.4317347119184
0;0;0;0;0;0;3744.24975946252;8294.80529108119;0.659344254964818;58.1309112775041;7377.82;0;0;0;0;0;1;1;4;8.22797654463067;0;8.29480529108119
0;0;0;0;0;0;2889.62116674515;3380.35340647016;0.786044894205268;72.1987028204651;3237.62;0;0;0;0;0;1;1;3;7.96888068834297;0;3.38035340647016
0;0;0;1;0;0;7451.69321298521;10993.9386410408;0.766315538467762;61.9157940381199;4327.11;0;0;0;0;0;0;1;3;8.91619656246089;0;10.9939386410408
0;0;0;0;0;0;22659.176974457;12627.2418144064;0.825887814731162;95.9710778337397;12254.1;0;0;0;0;0;1;1;4;10.0283202132894;0;12.6272418144064
0;0;0;0;0;0;1329.57597255827;3802.87294209157;0.794558013104577;84.4750824509224;981.842;0;0;0;0;0;1;1;4;7.19261535275729;0;3.80287294209157
0;0;0;0;0;0;34203.0786097985;6352.82172287462;0.840431362929758;106.968106976889;9702.76;1;0;0;0;0;0;0;3;10.4400709368297;0;6.35282172287462
0;0;0;0;0;0;1867.70441485399;2800.85081842454;0.467644800967374;42.2000470678119;1567.78;0;0;0;0;0;1;1;4;7.53246537010859;0;2.80085081842454
0;0;0;1;0;0;2063.37029094856;2155.02855564414;0.20314538898493;33.0573565094155;1470.22;0;0;0;0;0;1;1;3;7.63209598845685;0;2.15502855564414
0;0;0;0;0;0;2076.80572618775;3645.71202783709;0.905916096315259;77.4651804989933;1779.26;0;0;0;0;0;1;1;3;7.63858628372272;0;3.64571202783709
0;0;0;1;0;0;5024.18896321731;5687.1276832639;0.286939288844324;55.5917481196889;2258.78;0;0;0;0;0;1;0;3;8.52201931954607;0;5.6871276832639
0;0;0;0;0;0;4229.15153059675;3027.91569593316;0.789216814672295;54.093859463341;2757.39;0;0;0;0;0;1;1;3;8.34975666813743;0;3.02791569593316
0;1;1;1;1;0;16346.3840998119;6555.76036030808;0.778358461114458;29.91814361528;7086.1;1;0;0;0;0;0;0;3;9.701761995892;0;6.55576036030808
0;1;1;1;0;0;4869.13786247594;2869.66870233749;0.61713173163332;37.8608428097098;5824.6;1;0;0;0;0;0;0;3;8.49067217011251;0;2.86966870233749
0;1;0;1;0;0;4800.41347503226;2888.20702913601;0.618891849559812;37.9043894589371;5705.66;1;0;0;0;0;0;1;4;8.47645733381781;0;2.88820702913601
0;1;0;1;0;0;53662.3175012389;2654.2225195877;0.901424260623417;97.2937941859861;11891.6;1;0;0;0;0;0;1;4;10.890466311665;0;2.6542225195877
0;1;1;1;0;0;41252.3347673367;12655.4226650568;0.957025281077041;79.3404824898748;11622;1;0;0;0;0;0;1;4;10.6274629905814;0;12.6554226650568
0;0;0;0;0;0;9390.29765528302;6463.20430198679;0.857686599730966;71.5423707874514;5096.58;0;0;0;0;0;1;1;3;9.14743227087807;0;6.46320430198679
0;0;0;1;0;0;8594.64933924831;6039.3650547465;0.829087807226754;71.8641934429934;4034.07;0;0;0;0;0;1;1;4;9.05889511875877;0;6.0393650547465
0;0;0;1;0;0;4799.05020645148;6486.32653268884;0.749591406172728;59.9492673867824;3213.79;0;0;0;0;0;1;1;4;8.47617330366047;0;6.48632653268884
0;1;1;1;0;0;4448.15532786573;9231.38202854091;0.803743381827986;53.3787411316859;5789.16;1;0;0;0;0;0;1;4;8.40024475615382;0;9.23138202854091
0;0;0;0;0;0;4280.91804739196;9193.31106980604;0.795349282786572;53.9238758134315;4274.98;0;0;0;0;0;1;1;4;8.36192276262883;0;9.19331106980604
0;0;0;0;0;0;3034.37978205957;9009.45726168069;0.856086591000264;48.6144483369903;2728.53;0;0;0;0;0;1;1;3;8.01776232744041;0;9.00945726168069
0;0;0;0;0;0;2897.85897231366;7343.11322383097;0.698333538753956;46.9640162156966;3241.91;0;0;0;0;0;1;1;4;7.9717274578986;0;7.34311322383097
0;0;0;1;0;0;2466.7024850841;5134.77402598034;0.452211828512845;58.1322053212099;1498.59;0;0;0;0;0;1;1;3;7.81063751139876;0;5.13477402598034
0;0;0;1;0;0;20311.4919189256;6229.66512149078;0.838288173318194;93.3229513593018;6039.22;0;0;0;0;0;1;1;3;9.91894210923381;0;6.22966512149078
0;0;0;0;0;0;18761.5554069273;11364.0920470737;0.885923034284372;105.899618560576;9291.45;0;0;0;0;0;1;1;3;9.83956512994032;0;11.3640920470737
0;1;1;1;0;0;6496.4360185134;3920.35086290693;0.772435900851517;57.1261469420989;5115.8;1;0;0;0;0;0;1;3;8.77900900066557;0;3.92035086290693
0;0;0;0;0;0;6758.60599917018;4800.58456356005;0.764830688699649;68.404206091447;4077.95;1;0;0;0;0;1;1;3;8.81857193463165;0;4.80058456356005
0;0;0;0;0;0;9356.35663282243;8432.82333377989;0.85160953375388;106.633392634917;9902.16;1;0;0;0;0;1;1;3;9.14381124506464;0;8.43282333377989
0;0;0;0;0;0;5491.39880795156;6001.96249177168;0.813062999659964;69.6909316312497;3843.46;0;0;0;0;0;0;1;3;8.61093829402622;0;6.00196249177168
0;0;0;0;0;0;5906.50525933257;8371.39598631781;0.672467390992681;107.916436252845;6754.55;1;0;0;0;0;0;1;3;8.68380960881949;0;8.37139598631781
0;0;0;0;0;0;3062.48697751739;7640.57812868297;0.784865522034237;66.7619649091567;1538.48;0;0;0;0;0;1;1;4;8.02698260260472;0;7.64057812868297
0;0;0;0;0;0;2924.56171821996;7692.9839629085;0.4942783283437;66.829591499854;1036.7;0;0;0;0;0;0;1;3;7.98089990851403;0;7.6929839629085
0;0;0;1;0;0;3953.72033328993;6364.46357162718;0.667892682253499;83.7603621398059;5320.23;0;0;0;0;0;0;1;3;8.28241227115571;0;6.36446357162718
0;0;0;0;0;0;1855.04167712642;5291.82421992865;0.359514726325498;66.4008312695737;4914.89;0;0;0;0;0;1;1;4;7.52566244224274;0;5.29182421992865
0;0;0;1;0;0;2420.07729655225;10017.4040363024;0.666074796217022;69.0477429161024;1446.63;0;0;0;0;0;1;1;4;7.79155475936471;0;10.0174040363024
0;0;0;0;0;0;2521.1165191273;5477.94587398092;0.339773093852803;30.2568908413909;3300.47;0;0;0;0;0;1;1;3;7.83245714552773;0;5.47794587398092
0;0;0;1;0;0;1292.53825624275;6503.04979880836;0.68658662028475;39.2740683988794;5410.96;0;0;0;0;0;1;1;4;7.16436320458498;0;6.50304979880836
0;0;0;1;0;0;1793.31651508822;11817.0796209637;0.493086171923505;68.9338923373201;4794.67;0;0;0;0;0;1;1;4;7.49182198624015;0;11.8170796209637
0;0;0;0;0;0;2101.55876303924;11580.19490473;0.497592207732705;72.3099232211908;5745.31;0;0;0;0;0;0;0;3;7.65043461648071;0;11.58019490473
0;0;0;0;0;0;2025.32528136934;11313.6411154937;0.499508700009565;75.0717933790756;5793.92;0;0;0;0;0;1;1;4;7.61348559941556;0;11.3136411154937
0;0;0;0;0;0;2621.123032892;5690.21991234498;0.639240401704149;66.6032029355138;6178.31;0;0;0;0;0;1;1;3;7.8713581434243;0;5.69021991234498
0;0;0;0;0;0;1435.3149761847;8618.09826560344;0.499553108832602;58.0456530985848;2400.72;0;0;0;0;0;1;1;4;7.26913959970718;0;8.61809826560344
0;0;0;0;0;0;6168.23799083433;5269.54834088096;0.606491104845994;51.5004068130513;9150.1;1;0;0;0;0;1;1;3;8.72716849926441;0;5.26954834088096
0;0;0;0;0;0;5823.20509921314;13580.8358378373;0.758129841483903;72.3294868880815;5751.68;0;0;0;0;0;1;0;3;8.66960609347566;0;13.5808358378373
0;0;0;0;0;0;1092.24935901642;7927.61880265624;0.882445786953115;75.1898886610347;2111.72;0;0;0;0;0;1;1;3;6.99599448098442;0;7.92761880265624
0;1;0;1;0;0;1547.59822613593;4916.50903796307;0.55994277406141;75.8264850250562;6943.34;0;0;0;0;0;0;1;4;7.3444594766225;0;4.91650903796307
0;0;0;1;0;0;2517.11670424041;8515.90135220095;0.496523948759127;62.0955039686197;5996.38;0;0;0;0;0;1;1;4;7.83086936046504;0;8.51590135220095
0;0;0;1;0;0;3260.10541445498;5999.86332994888;0.385786824608313;73.4479993940553;3374.82;0;0;0;0;0;1;1;4;8.08951480956035;0;5.99986332994888
0;0;0;0;0;0;2099.79581231929;6539.30960307855;0.470085500077482;66.9864829561921;6358.35;0;0;0;0;0;1;1;3;7.64959538675525;0;6.53930960307855
0;0;0;0;0;0;4037.42229383762;4559.80540799861;0.569767187258414;38.3258419072521;6279.84;0;0;0;0;0;1;1;4;8.30336172123737;0;4.55980540799861
0;0;0;0;0;0;4413.88949085093;7968.29227351165;0.663573563450829;63.0601260610471;5564.51;0;0;0;0;0;1;1;3;8.39251155044775;0;7.96829227351165
0;0;0;1;0;0;1131.17226758246;7617.57248581093;0.874871523325892;73.3080101511998;2889.7;0;0;0;0;0;1;1;3;7.03100977891398;0;7.61757248581093
0;0;0;1;0;0;3336.56287219214;6487.23781184831;0.478943593394238;66.7256024794331;2122.36;0;0;0;0;0;1;1;4;8.11269647592219;0;6.48723781184831
0;0;0;0;0;0;2286.38813289894;6564.15660225418;0.307304691941809;62.6330876572496;6498.6;0;0;0;0;0;1;1;3;7.73472861686251;0;6.56415660225418
0;0;0;0;0;0;1725.60761684049;8169.45165481832;0.494302671708744;59.5883118380885;4890.19;0;0;0;0;0;1;1;3;7.4533345090896;0;8.16945165481832
0;0;0;0;0;0;1164.70269899147;7446.56307604479;0.849836700053333;71.4379668062412;2420.66;0;0;0;0;0;1;1;4;7.06022113943353;0;7.44656307604479
0;0;0;0;0;0;1258.23140056626;7712.74789851369;0.892540077296952;74.2666629953931;2489.19;0;0;0;0;0;1;1;3;7.13746236356133;0;7.71274789851369
0;0;0;0;0;0;2582.56510311682;7005.45065485135;0.297828259992943;70.2911036040147;3594.27;0;0;0;0;0;0;1;3;7.8565384100146;0;7.00545065485135
0;1;0;1;0;0;3609.60523676637;6698.18347866973;0.435774603702876;67.0152698665048;3333.82;0;0;0;0;0;0;1;4;8.19135369265119;0;6.69818347866973
0;0;0;1;0;0;1443.99934666222;5614.85630715915;0.758362844498833;66.2897815548797;4103.04;0;0;0;0;0;1;1;4;7.27517186700268;0;5.61485630715915
0;0;0;0;0;0;886.744291337522;5104.66574134846;0.763834302472856;72.0651681316673;3922.85;0;0;0;0;0;1;1;3;6.78755665589692;0;5.10466574134846
0;0;0;0;0;0;1365.16319886621;6076.85003961447;0.829038504989826;74.6519450655616;3484.54;1;0;0;0;0;0;1;3;7.21902926008132;0;6.07685003961447
0;0;0;0;0;0;2053.13686067278;7594.7522957722;0.832430704697817;79.4244187096489;4179.3;0;0;0;0;0;1;1;4;7.6271240785441;0;7.5947522957722
0;0;0;0;0;0;1535.94953607051;6655.83228328577;0.406383344718083;74.850690172166;1987.94;0;0;0;0;0;1;0;3;7.33690405904715;0;6.65583228328577
0;0;0;0;0;0;2097.89718103277;7597.34070620814;0.85014971621752;80.6896608428726;4189.95;0;0;0;0;0;1;1;4;7.64869077966797;0;7.59734070620814
0;0;0;1;0;0;1871.84230591093;7228.19481411607;0.413532646244843;53.9695611566268;5379.92;0;0;0;0;0;1;1;3;7.53467841519385;0;7.22819481411607
0;0;0;0;0;0;2673.44944647653;8512.34035741333;0.497716876386765;70.282956812108;6689.98;0;0;0;0;0;1;1;4;7.89112484509332;0;8.51234035741333
0;0;0;0;0;0;2702.26101452867;4682.80185757693;0.310623551360289;66.5355525011353;1783.24;0;0;0;0;0;0;1;3;7.90184411434635;0;4.68280185757693
0;0;0;0;0;0;690.46630493046;7079.44890537637;0.497344578188294;73.4527660569963;3902.1;0;0;0;0;0;1;1;4;6.53736717358549;0;7.07944890537637
0;0;0;0;0;0;2338.2212279018;7411.69302794195;0.492158724613409;60.0715519494313;3535.65;0;0;0;0;0;1;1;3;7.75714576026806;0;7.41169302794195
0;0;0;0;0;0;2846.01394593915;7535.24656212863;0.633801367027464;55.6223109557009;2382.3;0;0;0;0;0;1;1;4;7.95367467882723;0;7.53524656212863
0;0;0;0;0;0;4384.60094331487;6778.98071310692;0.777003746446967;67.7739898609133;7394.79;0;0;0;0;0;1;1;3;8.38585389571978;0;6.77898071310692
0;0;0;0;0;0;3933.36507082674;8476.34566833638;0.583469503035924;65.5425098983378;3433.35;0;0;0;0;0;1;1;4;8.27725059060735;0;8.47634566833638
0;0;0;0;0;0;2621.40457055886;7318.839919964;0.639485864082454;58.2067380591357;4835.08;0;0;0;0;0;0;1;3;7.87146554874037;0;7.318839919964
0;0;0;1;0;0;2671.53334110789;7366.52802556385;0.64186457436809;56.3527749386766;4122.69;0;0;0;0;0;1;1;3;7.89040787161487;0;7.36652802556385
0;0;0;0;0;0;3418.30837818433;6671.4161768027;0.594331121989399;56.5392765923162;2771.07;0;0;0;0;0;1;1;4;8.13690108142684;0;6.6714161768027
0;0;0;0;0;0;1877.32489968571;8004.02742798668;0.499921404008188;45.3548838310222;2399.98;0;0;0;0;0;1;1;4;7.53760311680476;0;8.00402742798668
0;0;0;0;0;0;2548.09413511874;6001.2740083045;0.345895235305408;46.1700917127725;6654.69;0;0;0;0;0;1;1;3;7.8431009607187;0;6.0012740083045
0;0;0;0;0;0;3427.06626396669;4404.15795451652;0.371721084426638;41.7326766653683;5280.44;0;0;0;0;0;1;1;3;8.13945985754022;0;4.40415795451652
0;0;0;0;0;1;4772.0764415689;8462.09498937588;0.617130030462371;72.939044987322;8293.95;0;0;0;0;0;1;1;4;8.47053680185918;0;8.46209498937588
0;0;0;1;0;0;4051.13225334727;7076.82951459134;0.718112439380282;56.1142941370528;5097.07;0;0;0;0;0;1;1;4;8.30675168975625;0;7.07682951459134
0;0;0;0;0;0;4759.43324265675;5021.52791430966;0.464697321156105;55.4174434021645;10288.3;1;0;0;0;0;0;1;3;8.46788387346772;0;5.02152791430966
0;1;0;1;0;0;3098.92482635642;5227.00402628285;0.781413734376964;50.7270530711324;5974.07;0;0;0;0;0;0;1;3;8.03881050010612;0;5.22700402628285
0;1;1;1;0;0;4264.57394750739;10046.6395478987;0.606643747889509;68.5339044671105;6661.51;1;0;0;0;0;0;1;4;8.35809755986146;0;10.0466395478987
0;0;0;0;0;1;5629.88825485055;7640.75798691289;0.748068883533693;52.7627349958954;6705.48;0;0;0;0;0;1;1;4;8.63584487277522;0;7.64075798691289
0;0;0;0;0;1;2935.79982443266;4775.67860365357;0.894290498312835;36.0111242963098;8059.76;0;0;0;0;0;1;1;3;7.98473520772092;0;4.77567860365357
0;0;0;0;0;0;3418.17148331639;4808.78136522386;0.746899136753638;39.5606029715432;6784.33;0;0;0;0;0;1;1;3;8.13686103307718;0;4.80878136522386
0;0;0;0;0;0;3349.40356467616;10092.0081964687;0.479859549378202;69.4896489723923;8211.42;0;0;0;0;0;1;1;4;8.11653756857286;0;10.0920081964687
0;0;0;0;0;0;3827.80459219185;12322.1434996942;0.497777273983596;61.0363436604931;6099.04;0;0;0;0;0;1;1;4;8.25004670429808;0;12.3221434996942
0;1;0;1;0;0;4028.65445591165;9567.65570548602;0.729714541418418;82.8570069797108;4125.51;0;0;0;0;0;0;1;4;8.30118771728197;0;9.56765570548602
0;0;0;1;0;0;4345.37090855752;10272.5235410083;0.681180076849532;58.8351220150843;4244.39;0;0;0;0;0;1;1;4;8.37686639851128;0;10.2725235410083
0;0;0;0;0;0;3456.44488644003;11397.0758433526;0.56766421714239;55.7665643320888;5245.24;0;0;0;0;0;1;1;3;8.1479958503544;0;11.3970758433526
0;0;0;0;0;0;3805.10394255091;10734.283130578;0.574854309663841;57.5165028450738;4798.91;1;0;0;0;0;1;1;4;8.24409858728165;0;10.734283130578
0;0;0;1;0;0;3923.36558510286;11378.9064887674;0.524770416473231;54.9973237079865;5219.45;0;0;0;0;0;1;1;4;8.27470513205443;0;11.3789064887674
0;0;0;0;0;1;5821.76368619341;6052.74811448083;0.641424875467176;47.5749497599616;3685.68;0;0;0;0;0;1;1;3;8.66935853368333;0;6.05274811448083
0;0;0;0;0;0;4581.10510332979;10113.3721696958;0.642423691131724;81.0927884250832;4148.53;0;0;0;0;0;1;1;3;8.42969553693937;0;10.1133721696958
0;0;0;0;0;0;5446.24022827777;9141.87949233215;0.763415418099193;59.3943287033995;9295.22;0;0;0;0;0;1;1;4;8.60268078321894;0;9.14187949233215
0;0;0;0;0;0;6071.33672263061;12741.2475365009;0.776437468602867;68.3661492344337;6121.12;0;0;0;0;0;1;1;3;8.71133407770545;0;12.7412475365009
0;0;0;0;0;0;4919.59173388104;8715.04003020399;0.812550743389765;59.0913684307589;4064.05;0;0;0;0;0;1;1;3;8.50098082512476;0;8.71504003020399
0;0;0;0;0;0;5019.13266321867;10550.7908978044;0.688535124320074;64.2034303831886;6465.68;1;0;0;0;0;1;1;4;8.52101242150698;0;10.5507908978044
0;1;0;1;0;0;5656.5035365908;13534.5747263644;0.601227522479197;69.7594156962316;6762.94;0;0;0;0;0;0;1;4;8.64056123059231;0;13.5345747263644
0;1;0;1;0;0;5640.23416601601;10672.1496380862;0.5714428256201;55.1373116140841;7020.76;0;0;0;0;0;0;1;4;8.63768086242739;0;10.6721496380862
0;0;0;0;0;0;6648.72553167133;12938.981930645;0.706935289483022;66.8189408915891;6893.23;0;0;0;0;0;1;1;4;8.80218046591008;0;12.938981930645
0;0;0;0;0;0;5652.40368370426;9934.9130577912;0.61567483240347;61.6676271244065;6786.63;0;0;0;0;0;1;1;4;8.6398361644146;0;9.9349130577912
0;0;0;1;0;1;4313.71350537533;5631.39250026826;0.617252101443158;48.3346904052737;3788.26;0;0;0;0;0;1;1;4;8.36955441430696;0;5.63139250026826
0;0;0;0;0;0;11226.7004341169;6476.51553708074;0.776811712248697;51.251942327004;8280.1;0;0;0;0;0;1;1;3;9.32605018747314;0;6.47651553708074
0;0;0;1;0;0;3223.21051408203;8581.84865359205;0.52301515404326;69.8804112361205;1616.37;0;0;0;0;0;1;1;4;8.07813319587294;0;8.58184865359205
0;0;0;0;0;0;8662.91895896591;3492.03558179587;0.371206136461666;39.8517729335479;2758.38;0;0;0;0;0;1;1;4;9.06680700700002;0;3.49203558179587
0;0;0;0;0;0;9955.11143957269;2895.99607246684;0.20915256286683;36.5018201984733;2334.88;0;0;0;0;0;1;1;4;9.2058414107674;0;2.89599607246684
0;0;0;0;0;0;4526.29090186188;8723.48509206899;0.647357035000304;71.5882153266079;2817.06;0;0;0;0;0;1;1;3;8.41765809762822;0;8.72348509206899
0;0;0;0;0;0;2525.58777058229;3289.12638612752;0.418513253746219;59.043700335258;2858.05;0;0;0;0;0;1;1;3;7.83422909504893;0;3.28912638612752
0;0;0;0;0;0;13857.5771445997;10589.7047241416;0.494793178799878;76.5448936686251;6795.7;0;0;0;0;0;1;1;4;9.53658744827105;0;10.5897047241416
0;0;0;1;0;0;1486.18257045093;5545.91879011967;0.487811886726468;77.5909243849475;2161.79;0;0;0;0;0;1;1;3;7.30396607806136;0;5.54591879011967
0;0;0;0;0;0;8607.65802378054;9337.46077736196;0.445899000636709;77.664452693058;7259.69;0;0;0;0;0;1;1;3;9.06040755389174;0;9.33746077736196
0;1;1;1;0;0;7370.4113221315;10199.0411517773;0.763567213237376;72.8682687251368;7824.12;1;0;0;0;0;0;1;3;8.90522879395596;0;10.1990411517773
0;0;0;0;0;0;6956.27925331738;8466.8500981502;0.697450116674424;60.6816274100036;5761.76;0;0;0;0;0;0;1;3;8.84740002034366;0;8.4668500981502
0;0;0;0;0;0;11608.5266392793;8313.24366000468;0.353224877306292;78.9952912911309;8222.79;0;0;0;0;0;1;1;3;9.35949516218404;0;8.31324366000468
0;1;1;1;0;0;9375.78900244341;12917.8410649406;0.729127462064294;102.68965915732;7116.11;1;0;0;0;0;0;1;4;9.14588600755797;0;12.9178410649406
0;0;0;0;0;0;1504.78092471723;2575.51059074077;0.342336494824429;75.9593486894548;2483.9;1;0;0;0;0;1;1;3;7.31640260161543;0;2.57551059074077
0;0;0;0;0;0;13219.8886748026;11046.711569229;0.807155911637343;87.5470749775339;7987.34;0;0;0;0;0;1;1;4;9.48947769240219;0;11.046711569229
0;1;0;1;0;0;10476.0684023544;6992.92944051219;0.877596723597106;104.017207188606;10240.9;1;0;0;0;0;0;1;4;9.25684873504065;0;6.99292944051219
0;0;0;0;0;0;1852.78668933755;2847.18776980628;0.401686387957333;73.4642875032389;3586.13;0;0;0;0;0;1;1;4;7.5244461032734;0;2.84718776980628
0;1;1;1;0;0;2729.32907297683;7231.63760542487;0.742009264253968;43.6340109189021;7198.38;1;0;0;0;0;0;1;4;7.91181109716052;0;7.23163760542487
0;1;1;1;0;1;13122.559737043;14148.8266513027;0.664389068524381;109.250658807121;4634.2;0;0;0;0;0;0;0;3;9.48208814537694;0;14.1488266513027
0;1;1;1;0;0;17605.4876826449;10052.4909713609;0.833717684370935;101.41061010784;9860.73;1;0;0;0;0;0;1;4;9.77596593257696;0;10.0524909713609
0;0;0;0;0;0;12655.565202091;6953.37565342132;0.814785498468463;105.599496114866;11684.6;1;0;0;0;0;1;0;3;9.44585233433598;0;6.95337565342132
0;0;0;0;0;0;14749.234153103;12811.9744756134;0.701851968583213;98.2877999236266;8550.33;0;0;0;0;0;0;1;3;9.59894643859646;0;12.8119744756134
0;0;0;0;0;0;14507.0150886226;13371.0249408123;0.679232356559336;104.286285830337;8058.31;0;0;0;0;0;1;1;4;9.58238761063091;0;13.3710249408123
0;0;0;1;0;0;19994.3053266772;10806.1999154525;0.832588883476117;96.2994985690135;8078.54;0;0;0;0;0;1;1;3;9.90320277832566;0;10.8061999154525
0;0;0;0;0;0;633.501411181776;3150.10392969069;0;79.9768500502014;4060.59;0;0;0;0;0;1;1;3;6.45126222735426;0;3.15010392969069
0;0;0;1;0;0;5001.90316619252;9431.0958666331;0.820084600481763;55.4639621344609;2386.75;0;0;0;0;0;1;1;4;8.51757375223229;0;9.4310958666331
0;0;0;0;0;0;2952.50396154967;3548.85011706521;0.77124406533395;73.753012648039;3040.65;0;0;0;0;0;1;1;4;7.99040888983172;0;3.54885011706521
0;0;0;1;0;0;5455.60489303118;8948.01896006671;0.822039013148817;56.751665115886;2593.61;0;0;0;0;0;1;1;3;8.60439877993464;0;8.94801896006671
0;0;0;0;0;0;16740.9951094626;7545.64319331427;0.844977017453657;101.763302686551;10655.4;0;0;0;0;0;0;1;3;9.7256157872864;0;7.54564319331427
0;0;0;0;0;0;9517.40886403595;11178.0354617948;0.732961259883898;70.9662097348221;7114.22;0;0;0;0;0;0;1;3;9.16087791259073;0;11.1780354617948
0;0;0;0;0;0;2922.61882391225;2839.13532823689;0.477946756585402;58.5753437575844;3017.57;1;0;0;0;0;1;1;3;7.98023535083013;0;2.83913532823689
0;0;0;1;0;0;1755.11225681873;3623.29822815484;0.896009017684047;71.4957026404509;1855.47;0;0;0;0;0;1;1;3;7.47028809785363;0;3.62329822815484
0;0;0;0;0;0;2681.49778637968;3908.52557172084;0.797200097466171;71.6171978411264;3778.36;0;0;0;0;0;1;1;4;7.89413079290695;0;3.90852557172084
0;0;0;0;0;0;5312.32984380407;8427.27548432755;0.771510482845583;61.1554234668185;2901.19;0;0;0;0;0;0;1;3;8.57778578331813;0;8.42727548432755
0;0;0;1;0;0;20784.8778682082;12412.6299946347;0.809195660198001;102.366473788499;9527.77;0;0;0;0;0;1;1;4;9.94198097571124;0;12.4126299946347
0;0;0;0;0;0;14663.7238324757;11592.2609928454;0.628736640758941;89.8325570119546;8815.98;0;0;0;0;0;1;1;4;9.59313195631408;0;11.5922609928454
0;0;0;1;0;0;21140.0505242311;12529.3356992621;0.821216896626357;100.983430990279;10230.5;0;0;0;0;0;1;1;4;9.95892464940392;0;12.5293356992621
0;1;0;1;0;0;29286.9625862926;11433.1090251143;0.852640983476367;105.252204255462;10411.4;1;0;0;0;0;0;1;4;10.2848977330546;0;11.4331090251143
0;0;0;0;0;0;2101.71012571587;4196.60349483542;0.751809658162992;77.6367718132562;820.096;0;0;0;0;0;1;1;3;7.65050663789104;0;4.19660349483542
0;0;0;1;0;1;2449.98348895781;4025.56653922443;0.709348149123758;74.0336004367829;306.469;0;0;0;0;0;1;1;3;7.80383656431517;0;4.02556653922443
0;0;0;0;0;0;2973.93164256417;9226.63118288579;0.808212786605784;58.3565286931049;2098.83;0;0;0;0;0;1;1;3;7.99764014174053;0;9.22663118288579
0;0;0;0;0;0;2475.77014659339;4487.02249939755;0.828329594908607;69.0261479809556;3602.85;0;0;0;0;0;1;1;3;7.8143067969401;0;4.48702249939755
0;0;0;0;0;0;1849.39914354718;3202.45836657728;0.912687844299827;64.968516621821;2904.66;1;0;0;0;0;1;0;3;7.52261607804577;0;3.20245836657728
0;0;1;1;0;0;6020.40670750537;7752.61591325595;0.775956315068975;64.2776988470118;5321.17;1;0;0;0;0;0;1;3;8.70291009540711;0;7.75261591325595
0;0;0;0;0;0;19437.9676269797;12310.9084257096;0.791582376339638;85.75172274013;11120.3;0;0;0;0;0;1;0;3;9.87498352661186;0;12.3109084257096
0;0;0;0;0;0;3700.37494322075;5729.95684560147;0.727388705623081;58.6661695668823;2840.63;0;0;0;0;0;0;1;3;8.21618942950378;0;5.72995684560147
0;0;0;1;0;0;6812.43854361572;6997.84301589505;0.726180404938187;53.22386171538;5712.74;0;0;0;0;0;1;1;3;8.82650541781018;0;6.99784301589505
0;1;1;1;0;0;2270.42675940034;3873.03466482498;0.714623633425183;79.0523057777582;0;0;0;0;0;0;0;1;3;7.72772309254155;0;3.87303466482498
0;0;0;0;0;0;36526.0445444029;9905.43238759318;0.90229922205857;119.515598150218;13678.1;0;0;0;0;0;0;1;4;10.5057808342771;0;9.90543238759318
0;0;0;1;0;0;4898.75366774671;7106.84649127876;0.489984872915595;59.3392936724531;3029.38;0;0;0;0;0;1;1;4;8.49673609822429;0;7.10684649127876
0;0;0;0;0;1;5518.67988389886;7374.59602563149;0.455566822454543;56.2846572548085;3003.15;0;0;0;0;0;0;1;3;8.61589395920227;0;7.37459602563149
0;0;0;0;0;0;61791.2591462639;6383.72492416176;0.916875927989051;135.550086776615;12783.2;0;0;0;0;0;1;1;4;11.0315171956798;0;6.38372492416176
0;0;0;0;0;0;3415.6324137851;4617.70986188961;0.707370579968928;61.4683769567244;3832.42;0;0;0;0;0;1;1;4;8.13611794191262;0;4.61770986188961
0;0;0;0;0;1;44701.1830573256;3927.15750307368;0.945795671535631;144.02461755396;6857.87;0;0;0;0;0;1;1;4;10.7077552468583;0;3.92715750307368
0;0;0;0;0;0;4945.05061432911;2315.73540112698;0.832344852655206;57.0148427164282;6855.9;0;0;0;0;0;1;1;3;8.50614247946027;0;2.31573540112698
0;1;1;1;0;0;89026.7960503583;3742.21951919909;0.899883398639416;142.581282694064;13680.3;1;0;0;0;0;0;0;3;11.3966926826165;0;3.74221951919909
0;0;0;1;0;0;54567.5658311245;2755.31714794777;0.912334978513183;141.461586038481;9277.85;0;0;0;0;0;1;1;4;10.9071949528289;0;2.75531714794777
0;0;0;0;0;0;65894.5806112056;2256.57331226502;0.844616494378477;123.023778251093;11343.7;0;0;0;0;0;1;1;4;11.0958114805567;0;2.25657331226502
0;0;0;0;0;0;14625.976655782;14841.3826626608;0.738393344791034;50.3177954964295;3749.41;0;0;0;0;0;1;1;4;9.59055444975291;0;14.8413826626608
0;0;0;0;0;0;14436.5161297432;2709.7326202479;0.748804853896444;81.6185093790189;5320.51;0;0;0;0;0;1;1;3;9.57751611808443;0;2.7097326202479
0;0;0;1;0;0;5545.59013821085;8030.64840093996;0.706731282555656;57.2662728198033;4988.25;0;0;0;0;0;1;1;4;8.62075832121093;0;8.03064840093996
0;0;0;1;0;0;2811.23866408485;8298.55074934742;0.593158043047002;54.7683887046409;2504.03;0;0;0;0;0;0;1;4;7.94138047092564;0;8.29855074934742
0;1;0;1;0;0;5241.45677963831;4384.47743188311;0.748599234696153;68.9730098792528;3675.42;0;0;0;0;0;0;0;3;8.56435475005844;0;4.38447743188311
0;1;1;1;0;0;3660.45514372713;4182.43411403112;0.638229970550471;73.3680057255929;2495.4;0;0;0;0;0;0;1;3;8.20534277487342;0;4.18243411403112
0;0;0;0;0;0;1152.12993969064;3975.83524716105;0.0697379882926727;46.1935965733348;234.093;0;0;0;0;0;1;1;3;7.04936762976532;0;3.97583524716105
0;0;0;0;0;0;7014.7708835221;10918.3419534726;0.896554211443239;62.3952092576757;5305.93;0;0;0;0;0;1;1;3;8.85577333106549;0;10.9183419534726
0;0;0;1;0;0;2167.1175639699;4697.46344614347;0.0396429222954069;51.7174240437058;804.167;0;0;0;0;0;1;1;3;7.68115325201212;0;4.69746344614347
0;1;1;1;0;0;14146.8220112455;8081.21959317308;0.921382636156232;81.0585380795705;7804.67;1;0;0;0;0;0;1;4;9.55724528500179;0;8.08121959317308
0;1;0;1;0;0;3998.95685555159;6076.86740437619;0.674425284931849;52.3841503468188;2082.18;0;0;0;0;0;0;1;4;8.29378881997931;0;6.07686740437619
0;0;0;1;0;0;4773.29628403024;6080.91301260592;0.746946366787981;59.6826340308246;2652.9;0;0;0;0;0;1;1;4;8.4707923900909;0;6.08091301260592
0;1;1;1;0;0;8268.45006951359;7350.59954698474;0.971778029130427;62.7439170768141;6734.63;1;0;0;0;0;0;1;4;9.02020235443304;0;7.35059954698474
0;0;0;0;0;0;4072.7059398276;9014.7594697753;0.751057883177574;50.3257913479232;3947.19;0;0;0;0;0;1;1;4;8.31206290760223;0;9.0147594697753
0;0;0;0;0;0;1813.91083098296;8988.25952038723;0.448607922780335;60.9374202877342;3821.78;1;0;0;0;0;0;0;3;7.50324047344867;0;8.98825952038723
0;0;0;1;0;0;2665.84571636809;7208.35565940587;0.625199556775858;44.4956116806569;1684.07;0;0;0;0;0;1;1;4;7.8882766282344;0;7.20835565940587
0;0;0;0;0;0;3137.85480036378;8470.77678612945;0.836696314767072;46.641398594714;4297.94;1;0;0;0;0;1;1;3;8.05129466082784;0;8.47077678612945
0;1;0;1;0;0;3024.66022631737;8296.16064220908;0.778933884504365;47.4751010854148;3957.77;1;0;0;0;0;0;1;3;8.01455404227781;0;8.29616064220908
0;0;0;1;1;0;1455.00545289634;7975.30473241983;0.377443469463664;39.5434613181305;2583.2;0;1;0;0;0;1;1;4;7.28276492729365;0;7.97530473241983
0;1;0;1;0;0;1231.5103160198;6977.85004072251;0.841154605084906;65.197015934597;2668.38;1;1;0;0;0;0;1;4;7.11599659431787;0;6.97785004072251
0;0;0;0;0;0;4650.68006853762;5410.74430453411;0.317952513942408;40.2591996458777;6698.95;1;1;0;0;0;1;1;3;8.44476873918614;0;5.41074430453411
0;1;0;1;1;0;2479.89146081853;6326.7138633844;0.148993050791082;59.6838750421597;6153.04;1;1;0;0;0;0;1;3;7.8159700724023;0;6.3267138633844
0;1;0;1;1;0;3713.26568004208;5339.85641672775;0.593472049832317;50.2010852702428;4694.7;1;1;0;0;0;0;1;4;8.21966700562801;0;5.33985641672775
0;1;1;1;1;0;2959.24990226964;8330.05597059078;0.496333944448991;67.7513432201572;7887.38;1;1;0;0;0;0;1;3;7.99269110380862;0;8.33005597059078
0;0;0;0;0;0;1425.26528799552;6820.64054043587;0.492451152569523;78.0559785746753;6366.45;1;1;0;0;0;1;0;3;7.26211324239022;0;6.82064054043587
0;0;0;0;1;0;4525.00785883828;3701.35652462727;0.581843598932401;39.1076841141757;8338.94;1;1;0;0;0;1;1;3;8.41737459289236;0;3.70135652462727
0;0;0;0;0;0;6699.14021155298;5608.69384278992;0.250988416743938;43.1214763278166;7022.97;1;1;0;0;0;1;1;3;8.80973447051061;0;5.60869384278992
0;0;0;0;0;0;5518.65061116914;5071.84083155327;0.315961808531008;39.7328541989117;6728.87;1;1;0;0;0;0;1;3;8.61588865488893;0;5.07184083155327
0;0;0;0;0;0;2832.99321728579;8044.65783598098;0.538661884089021;66.1852604571155;3968.12;1;1;0;0;0;0;0;3;7.94908910564685;0;8.04465783598098
0;0;0;0;0;0;7404.71699480194;2978.70585405647;0.923632817630049;23.7655603951314;6618.02;0;1;0;0;0;1;1;4;8.90987250784894;0;2.97870585405647
0;1;0;1;0;0;7311.45180737338;2644.79886365501;0.916147487820443;22.9680966595004;6556.57;0;1;0;0;0;0;1;4;8.89719713868416;0;2.64479886365501
0;0;0;0;0;0;3721.14127596017;5749.12071845438;0.695704046124092;48.707674655052;5234.57;1;1;0;0;0;1;1;4;8.2217856948283;0;5.74912071845438
0;0;0;0;0;0;7169.07040677292;10352.2109478112;0.736308223971412;49.0068951699427;6852.56;1;1;0;0;0;0;1;3;8.87753127480798;0;10.3522109478112
0;0;0;0;0;0;2602.14785114034;8813.72541814552;0.829702183046092;52.6884240368432;7711.3;1;1;0;0;0;1;0;3;7.86409247957203;0;8.81372541814552
0;1;0;1;0;0;5382.77726296437;4528.70178509861;0.793836751832383;45.4008145435364;4995.3;0;1;0;0;0;0;1;3;8.59095973984204;0;4.52870178509861
0;1;0;1;0;0;5137.31159400432;3996.32065879352;0.772025634713932;45.4237060282182;4757.58;0;1;0;0;0;0;1;3;8.54428518543214;0;3.99632065879352
0;1;0;1;0;0;4944.70428963312;5268.53372631802;0.833363505248166;44.9111160334538;4567.07;1;1;0;0;0;0;1;3;8.50607244239676;0;5.26853372631802
0;1;0;1;1;0;3138.00528250719;5830.6254856848;0.735630825456792;46.4534671048257;6820.01;1;1;0;0;0;0;1;3;8.05134261669092;0;5.8306254856848
